post_pk,user_pk,taken_at,media_type,like_count,comment_count,caption_text,code,thumbnail_url,video_url
3622808846648985840,62106040012,2025-05-01 09:41:30+00:00,8,3,33,@stonehenge_official DAL 컬렉션  #제품협찬  ’밤하늘을 비추는 달과 별의 신비로운 무드를 모던하고 정제된 세입으로 표현한 달 컬렉션‘  김지원이 착용한 stonehenge 달 목걸이 보고 구매하고 싶었던 제품이였는데요 ♡ˎˊ˗ 스톤헨지에서 올라온 김지원 님 화보의 다른 제품들도 너무 예쁘고 화보 자체도 너무 아름다워 ..🪽 주얼리가 중요해지는 여름 스톤헨지의 스테디셀러 DAL collection 추천드려요 🤍  #스톤헨지 #스톤헨지목걸이  #데일리주얼리 #STONEHENgE #김지원주얼리 #목걸이선물 #여자친구선물 #기념일선물 #주얼리브랜드 #DAL목걸이 #목걸이추천 #gift #목걸이브랜드,DJGzXOZp8jw,,
3562093432967669703,62106040012,2025-02-06 15:11:07+00:00,2,30378,145,고윤정 메컵 2탄 • •,DFvGRrAyifH,https://scontent-ssn1-1.cdninstagram.com/v/t51.75761-15/476764960_17913554157064013_8099704593162098798_n.jpg?stp=dst-jpg_e15_p360x360_tt6&_nc_cat=103&ig_cache_key=MzU2MjA5MzQzMjk2NzY2OTcwMzE3OTEzNTU0MTUxMDY0MDEz.3-ccb7-5&ccb=7-5&_nc_sid=58cdad&_nc_ohc=ejcSqeHX2Q0Q7kNvwH261qX&_nc_oc=AdnZiXe9bDTa8L28Z1qKMBj9HoN-ISqtQ4k9jhcOCoZ763HHP03Eoc6HARj9NORl4Fg&_nc_ad=z-m&_nc_cid=0&_nc_zt=23&_nc_ht=scontent-ssn1-1.cdninstagram.com&_nc_gid=1drZI3dJK-yUxjdgirFUvg&oh=00_AfJKURrX-FAW5hpNaS25XPcN86IwzXksq2xHzElDDC5PQg&oe=68215387,https://scontent-ssn1-1.cdninstagram.com/o1/v/t2/f2/m86/AQMeBzLbVm5q2KzCW69BmXr0A-AySYVr3jeYV-DWycthZTERC6-bkxp3LMIg2IXl8-edfuGIiuZXWiyCOljX6dYtooZn8xyDGENjnk8.mp4?_nc_cat=111&_nc_sid=5e9851&_nc_ht=scontent-ssn1-1.cdninstagram.com&_nc_ohc=IrIbAkPKDPgQ7kNvwGV5KJ4&efg=eyJ2ZW5jb2RlX3RhZyI6Inhwdl9wcm9ncmVzc2l2ZS5JTlNUQUdSQU0uQ0xJUFMuQzMuNzIwLmRhc2hfYmFzZWxpbmVfMV92MSIsInhwdl9hc3NldF9pZCI6MTM1ODYzMzgyMTgwMDQ3MiwidmlfdXNlY2FzZV9pZCI6MTAwOTksImR1cmF0aW9uX3MiOjEwLCJ1cmxnZW5fc291cmNlIjoid3d3In0%3D&ccb=17-1&vs=8b4f2e0900fffd5b&_nc_vs=HBksFQIYUmlnX3hwdl9yZWVsc19wZXJtYW5lbnRfc3JfcHJvZC84ODQ4NzQ5Nzc2RjhFMzkzOUQ1OTBCRURDRTRCQzBCRF92aWRlb19kYXNoaW5pdC5tcDQVAALIAQAVAhg6cGFzc3Rocm91Z2hfZXZlcnN0b3JlL0dFODdZaHgxV2tROThfa0ZBUG1ybUc5bWdOQkxicV9FQUFBRhUCAsgBACgAGAAbAogHdXNlX29pbAExEnByb2dyZXNzaXZlX3JlY2lwZQExFQAAJrCgoOXy6ukEFQIoAkMzLBdAJIgxJul41RgSZGFzaF9iYXNlbGluZV8xX3YxEQB1_gdl5p0BAA&_nc_zt=28&oh=00_AfKrBCepS3vOeOJSBNnY7ncu2JKsOcs_h79de1IH2W8MFw&oe=681D67D0
3598160149847897547,62106040012,2025-03-28 09:28:56+00:00,8,8566,51,반응이 좋길래 피드로𓂃⋆⊹ 𓂂 디너쇼 가던날 헤메 맘에 들궁 .. 🤍,DHvO5eopnXL,,
3627190394564478490,62106040012,2025-05-07 10:53:07+00:00,2,92,18,"구냥 종류별로 립밤 바르는 영상💋  #광고   촉촉하고 탱글한 볼륨감을 선사하는 빛나는 로맨틱 쉬어 컬러 립밤 : 맑고 쉬어한 컬러감과 보습력으로 입술을 촉촉하게, 상쾌한 쿨링감으로 볼륨감 있는 플럼핑도 ..🤍 질스튜어트만의 로맨틱한 무드로 사랑스러운 스프링 메이크업 해보기 !   05 amber tomato 진짜 예쁨 .. 🩵  @jllstuartbeauty_korea #질스튜어트뷰티 #JILLSTUARTBeauty #질스튜어트뷰티립밤 #립블로썸밤 #스프링메이크업",DJWXnI4uYYa,https://scontent-ssn1-1.cdninstagram.com/v/t51.2885-15/495686520_1463286128180849_1470338526738710938_n.jpg?stp=dst-jpg_e15_p360x360_tt6&efg=eyJ2ZW5jb2RlX3RhZyI6IkNMSVBTLmltYWdlX3VybGdlbi42NDB4MTEzNi5zZHIuZjcxODc4Lm5mcmFtZV9jb3Zlcl9mcmFtZSJ9&_nc_ht=scontent-ssn1-1.cdninstagram.com&_nc_cat=105&_nc_oc=Q6cZ2QHYwCMZwkHT3X-TnPN2aj0N16I5qjSiWPUsD90tGDPHRnV5_GccinzUNRHw9rHNoSI&_nc_ohc=w1fM9xoJuQkQ7kNvwHyWiwW&_nc_gid=1drZI3dJK-yUxjdgirFUvg&edm=ABmJApABAAAA&ccb=7-5&ig_cache_key=MzYyNzE5MDM5NDU2NDQ3ODQ5MA%3D%3D.3-ccb7-5&oh=00_AfJ22bFQcOG2Z-W8d218EliB8nxE9tloB30wMxG_KMN5ew&oe=682142CF&_nc_sid=b41fef,https://scontent-ssn1-1.cdninstagram.com/o1/v/t2/f2/m86/AQNqge00i77mGFh5HfVeySfaNE0npFbpzg4wR1h1hAaIr4Ymam8Q_5xApGj221Wc1xOmU_Del1dEI1df8zJ4bSQadrM0QsOmK7d2n18.mp4?_nc_cat=100&_nc_sid=5e9851&_nc_ht=scontent-ssn1-1.cdninstagram.com&_nc_ohc=4bwgqnJpKNwQ7kNvwGKc35n&efg=eyJ2ZW5jb2RlX3RhZyI6Inhwdl9wcm9ncmVzc2l2ZS5JTlNUQUdSQU0uQ0xJUFMuQzMuNzIwLmRhc2hfYmFzZWxpbmVfMV92MSIsInhwdl9hc3NldF9pZCI6MTMzODc5MzEwNzIwMjg3NCwidmlfdXNlY2FzZV9pZCI6MTAwOTksImR1cmF0aW9uX3MiOjE5LCJ1cmxnZW5fc291cmNlIjoid3d3In0%3D&ccb=17-1&vs=c33e9f272baa4ea2&_nc_vs=HBksFQIYUmlnX3hwdl9yZWVsc19wZXJtYW5lbnRfc3JfcHJvZC80RjQyNUEyMTkyRjNFODdFODQ2MkU4OUZBOTg1MTA4QV92aWRlb19kYXNoaW5pdC5tcDQVAALIAQAVAhg6cGFzc3Rocm91Z2hfZXZlcnN0b3JlL0dKa3hreDJRYlFxXzlVWUZBQzZfTFBqaGU2SUxicV9FQUFBRhUCAsgBACgAGAAbAogHdXNlX29pbAExEnByb2dyZXNzaXZlX3JlY2lwZQExFQAAJvSMqfmB6OAEFQIoAkMzLBdAM5mZmZmZmhgSZGFzaF9iYXNlbGluZV8xX3YxEQB1_gdl5p0BAA&_nc_zt=28&oh=00_AfI3WWZy5cQjWS5_JVLdkToYG3DmEDIo4M-Cv8SxA-xifQ&oe=681D53C9
3626439999336737675,62106040012,2025-05-06 10:00:47+00:00,2,3,28,여친 있는 남자친구들 이거 진쨔야 ? 투표해바 ~ 🗳️  렌즈 정보 #클라렌 Clalen Iris 1Day Pure choco Clalen Iris 1Day Moka black  #koreanmodel 뷰티모델 뷰틸화보 #렌즈추천 #렌즈,DJTs_c3u-uL,https://scontent-ssn1-1.cdninstagram.com/v/t51.2885-15/495369891_17923167465064013_8655664153042913216_n.jpg?stp=dst-jpg_e15_p360x360_tt6&efg=eyJ2ZW5jb2RlX3RhZyI6IkNMSVBTLmltYWdlX3VybGdlbi45NDJ4MTY3Mi5zZHIuZjc1NzYxLmRlZmF1bHRfY292ZXJfZnJhbWUifQ&_nc_ht=scontent-ssn1-1.cdninstagram.com&_nc_cat=105&_nc_oc=Q6cZ2QHYwCMZwkHT3X-TnPN2aj0N16I5qjSiWPUsD90tGDPHRnV5_GccinzUNRHw9rHNoSI&_nc_ohc=Mx4aNdU8GNkQ7kNvwEDxipa&_nc_gid=1drZI3dJK-yUxjdgirFUvg&edm=ABmJApABAAAA&ccb=7-5&ig_cache_key=MzYyNjQzOTk5OTMzNjczNzY3NTE3OTIzMTY3NDU5MDY0MDEz.3-ccb7-5&oh=00_AfKcXcex_jezC1JyUwopgplsGBsA_jhcCUbCwwbWFtpOog&oe=682143BD&_nc_sid=b41fef,https://scontent-ssn1-1.cdninstagram.com/o1/v/t2/f2/m86/AQNdkWelN0ZYl4kBb-ZS9iTW7yIMODOYQzMUWDgX45vhUn7Zk9lpazUAiGP7M_DjvkUx9gWaGhuf8oNCUJse73w0ra55EijEEKw27MQ.mp4?_nc_cat=110&_nc_sid=5e9851&_nc_ht=scontent-ssn1-1.cdninstagram.com&_nc_ohc=TSkGxfUNsYsQ7kNvwGnNVYu&efg=eyJ2ZW5jb2RlX3RhZyI6Inhwdl9wcm9ncmVzc2l2ZS5JTlNUQUdSQU0uQ0xJUFMuQzMuNzIwLmRhc2hfYmFzZWxpbmVfMV92MSIsInhwdl9hc3NldF9pZCI6MTk3MDg5NDE4MzMxNzM1MCwidmlfdXNlY2FzZV9pZCI6MTAwOTksImR1cmF0aW9uX3MiOjE2LCJ1cmxnZW5fc291cmNlIjoid3d3In0%3D&ccb=17-1&vs=54e4a2c8a6779363&_nc_vs=HBksFQIYUmlnX3hwdl9yZWVsc19wZXJtYW5lbnRfc3JfcHJvZC82MTRFQ0U2NjExMDJBRjgwOTgyN0QxMzAwREMzNTBCNF92aWRlb19kYXNoaW5pdC5tcDQVAALIAQAVAhg6cGFzc3Rocm91Z2hfZXZlcnN0b3JlL0dDeWJoQjFGT2kzZFkwOEZBSjNjOE4wV0kwOHdicV9FQUFBRhUCAsgBACgAGAAbAogHdXNlX29pbAExEnByb2dyZXNzaXZlX3JlY2lwZQExFQAAJsz9_fqRoYAHFQIoAkMzLBdAMGZmZmZmZhgSZGFzaF9iYXNlbGluZV8xX3YxEQB1_gdl5p0BAA&_nc_zt=28&oh=00_AfJTBggiqHTQVlDJ8xW4inBkh5oK-7sGEI9GTO54PPiVWw&oe=681D5C07
3625019031073107058,62106040012,2025-05-04 10:52:45+00:00,8,3,24,청담 한우 맛집 ..🪽 투뿔 코리아 스테이크하우스 리뉴얼 오픈 !   [영업시간] LUNCH 12:00 - 15:00  DINNER 18:00 - 22:00   📍서울 강남구 선릉로152길 26 (청담동)  @sg_dinehill  #투뿔 #투뿔코리아스테이크하우스 #한우맛집,DJOp5pDJKxy,,
3624319627097869071,62106040012,2025-05-03 11:43:09+00:00,8,3,25,힌스 팝업 넘 재밌도라🛀☁️ #광고  피드로도 올리고파서 ✩‧࿀𓂃  #hince #힌스섀도우 #성수팝업 #힌스밀키솝컬렉션 #키링 #힌스키링 #아이섀도우 #힌스섀도우 #힌스듀이볼 #로글로우젤틴트 #힌스밀키솝컬렉션 #힌스틴트 #성수동팝업 #성수맛집 #성수카페 #성수동핫플레이스 #koreanmakeup #koreanskincare #koreanbeauty #kbeautyreview,DJMK3-VpQsP,,
3623998833031980346,62106040012,2025-05-03 01:05:00+00:00,2,3,13,"성수팝업 실시간 .. @hince_official #광고 지금 성수가면 힌스 밀키솝 팝업 스토어 꼭 방문하기!  힌스 NEW 밀키 컬렉션 섀도우 20종, 젤틴트 2종, 듀이볼2종 가장 몬저 만나볼 수 있어요 🤍선런칭 기념 20% 혜택도 있구 •• 밀키솝 컬렉션 구매자 1개 구매시 미니 키링+이모지 스티커 /2개 구매시 아이 프라이머+이모지 스티커/ 3개 구매시 아이 프라이머+미니 키링+이모지 스티커 증정 !!   머랭처럼 기여웅 키링에 섀도우를 들구 다닐 수 있다구요..🪽 보들보들캐시미어 촉감, 감각적인 멀티 유즈 컬러 싱글 아이 섀도우 , 말간 우유 한 방울 탄듯 라이트한 컬러감의 청량광틴트 글로우 젤틴트, 맑게 차오르는 듀이볼 NEW 밀키 컬렉션도 만나보구 이뿐 포토존에서 사진도 마니 찍어보세요 🐰 힌스 섀도우 본품을 받을 수 있는 컬링게임은 5/11 까지만 !!! 빠르게 가세요🤍  🚪힌스 밀키 팝업스토어 • 서울 성동구 연무장길 48-1, 1F 11:00~ 21:00 (사전 예약 없이 방문 가능)  #hince #힌스섀도우 #성수팝업 #힌스밀키솝컬렉션 #키링 #힌스키링 #아이섀도우 #힌스섀도우 #힌스듀이볼 #로글로우젤틴트 #힌스밀키솝컬렉션 #힌스틴트 #성수동팝업 #성수맛집 #성수카페 #성수동핫플레이스",DJLB7zlTSU6,https://scontent-ssn1-1.cdninstagram.com/v/t51.2885-15/495399023_17922774822064013_8248320218049319475_n.jpg?stp=dst-jpg_e15_p360x360_tt6&efg=eyJ2ZW5jb2RlX3RhZyI6IkNMSVBTLmltYWdlX3VybGdlbi4xMTUyeDIwNDguc2RyLmY3NTc2MS5kZWZhdWx0X2NvdmVyX2ZyYW1lIn0&_nc_ht=scontent-ssn1-1.cdninstagram.com&_nc_cat=105&_nc_oc=Q6cZ2QHYwCMZwkHT3X-TnPN2aj0N16I5qjSiWPUsD90tGDPHRnV5_GccinzUNRHw9rHNoSI&_nc_ohc=wRY0YFhFMFAQ7kNvwF3noqQ&_nc_gid=1drZI3dJK-yUxjdgirFUvg&edm=ABmJApABAAAA&ccb=7-5&ig_cache_key=MzYyMzk5ODgzMzAzMTk4MDM0NjE3OTIyNzc0ODE2MDY0MDEz.3-ccb7-5&oh=00_AfKc2Hjtz02eGSoMcTt3H10Sm0qQkV_9oFedL3RAsDs1Og&oe=6821487C&_nc_sid=b41fef,https://scontent-ssn1-1.cdninstagram.com/o1/v/t2/f2/m86/AQNGF8MQNJf4pBJnvwT7dnvCMOvGN_pTc3dMNx73wX2VnlHjdTgKfa54XqpovSygdPE4XpiMQShg5hKlneQB9WenZDyfzCUNkrKsBLA.mp4?_nc_cat=108&_nc_sid=5e9851&_nc_ht=scontent-ssn1-1.cdninstagram.com&_nc_ohc=XHIcw1Ki5IQQ7kNvwEjXRUW&efg=eyJ2ZW5jb2RlX3RhZyI6Inhwdl9wcm9ncmVzc2l2ZS5JTlNUQUdSQU0uQ0xJUFMuQzMuNzIwLmRhc2hfYmFzZWxpbmVfMV92MSIsInhwdl9hc3NldF9pZCI6MTAxOTM5ODk3MzQ5NzU5NSwidmlfdXNlY2FzZV9pZCI6MTAwOTksImR1cmF0aW9uX3MiOjMzLCJ1cmxnZW5fc291cmNlIjoid3d3In0%3D&ccb=17-1&vs=c86666aa9631aa1f&_nc_vs=HBksFQIYUmlnX3hwdl9yZWVsc19wZXJtYW5lbnRfc3JfcHJvZC9BRDQ1Qjc4RDg2Q0RCNDlEMENEOUM3QTlDNTdCN0E5RF92aWRlb19kYXNoaW5pdC5tcDQVAALIAQAVAhg6cGFzc3Rocm91Z2hfZXZlcnN0b3JlL0dQUTRmUjFFMTdRRkptRUNBRzRtdUFtY01ETXNicV9FQUFBRhUCAsgBACgAGAAbAogHdXNlX29pbAExEnByb2dyZXNzaXZlX3JlY2lwZQExFQAAJvaDmZvqyM8DFQIoAkMzLBdAQIQ5WBBiThgSZGFzaF9iYXNlbGluZV8xX3YxEQB1_gdl5p0BAA&_nc_zt=28&oh=00_AfJYp2v6gZZWwCmqCXeg3ILezhZgJWTN132ah2z7p1QCuQ&oe=681D6FB5
3623562045467039266,62106040012,2025-05-02 10:37:58+00:00,8,3,22,"다가오는 여름 필수,내 사랑 아도르 ꒰♡⃛ #광고  아도르 퍼퓸 헤어 샴푸가 5월 올영픽에 선정됐어요 ! ?! 맡기만해도 기분이 좋아지는 고급스러운 오스만투스 향은 은은한 향기로 남아 하루종일 기분이 너무 좋아진답니다 ..🪽 또 단백질이 함유되어 있어서 극손상모인 저는 쓰기만해도 머릿결이 보들보들 •• 5월 한달 올리브영에서 만나볼 수 있답니다 🛀🚿  #아도르 #퍼퓸샴푸 #향기좋은샴푸 #손상모샴푸 #샴푸추천 #올리브영헤어템",DJJentdppYi,,
3622055304570979870,62106040012,2025-04-30 08:44:21+00:00,8,3,22,"#광고 극 손상모인 내 머리카락들 잔머리가 너무 고민이였는데..😭 아무리 바빠도 드라이는 꼭 필수 ! 저는 가벼운 본체에 빠른 드라이+ 머리 윤기+ 볼륨까지 연출이 가능한 샤크 스피드 스타일 사용해요 🤍  먼저 잔머리를 끌어당기는 코인다 효과의 래피드 글로스 피니셔으로 잔머리도 차분 하게 정리하면서 말려주고 ~   퀵 스무스 브러시, 터보 콘센트레이터 두 가지 툴은 본체에 내장된 iQ 버튼이 툴에 맞는 온도와 풍속을 조절해 줘서 어렵지 않게 사용할 수 있답니다 💨 실제로 제 똥손 친구들도 좋다고 극찬을 ..🪽  바쁜 아침을 해결해 줄 샤크 스피드스타일, 선물해보는건 어떤가요 🎁  #샤크뷰티 #샤크스피드스타일 #스피드스타일 #헤어드라이어 #헤어스타일러 #헤어스타일링 #헤어드라이기 #헤어스타일",DJEIBvpxcYe,,
3627182381490503552,4551284555,2025-05-07 10:30:00+00:00,8,38,0,버뮤다팬츠 코디🩳 고민하지 말고 여기서 그냥 골라입어요 ( •◡-)-♡,DJWVyiIS_-A,,
3626475339024777015,4551284555,2025-05-06 11:06:10+00:00,8,104,0,여기 브랜드 그냥 핫걸 만들어주는 옷들 투성이🔥💗 letterand 룩북과 사장님(@daxbin) 의 코디 같이 구경해요,DJT1BthST83,,
3625732827293360747,4551284555,2025-05-05 10:30:00+00:00,8,148,0,봄이라 그런가 상큼한 컬러들이 많은 5월의 신상 퍼스널컬러 분석 🌸🍓🌷🍒☁️🫧,DJRMMvlSyJr,,
3623573867081654519,4551284555,2025-05-02 11:01:28+00:00,8,1611,1,클리오에서 가을 웜톤을 위한 컬러만 모아모아🤎,DJJhTvMymD3,,
3622872133984185197,4551284555,2025-05-01 11:47:14+00:00,8,129,2,"#초청 #제품제공  성수동 힌스 팝업에 도착한 비누 거품처럼 촉촉한 밀키솝 컬렉션🫧  보들보들 캐시미어 촉감의 NEW 싱글섀도우 20컬러 발색과 로 글로우, 듀이볼과의 웜,쿨 베스트 조합까지 여기서 먼저 구경해요👀  🫧 밀키솝 구매 혜택 ✶ 1개 구매 시: 미니 키링 ✶ 2개 구매 시: 아이 프라이머 ✶ 미니 컬링 게임 1등하면 섀도우 팔레트까지  📍서울 성동구 연무장길 48-1 📅 2025.05.01 ~ 05.30 ⏰ 11:00 ~ 21:00",DJHBwLUyett,,
3622108556914531480,4551284555,2025-04-30 10:30:00+00:00,8,96,1,반팔 하나만 입고 코디 끝내고 싶다면 이번 여름엔 키치한 프린팅이 포인트인 반팔 어때요?👕,DJEUIqwyxyY,,
3621386591945810054,4551284555,2025-04-29 10:35:00+00:00,8,342,0,빡센 메이크업이 이렇게까지 잘 어울릴수가 있냐구요 화려한 이목구비가 진한 메이크업을 이겨버리는 쥐징이의 메이크업 분석 ◕⩊◕,DJBv-sfSuCG,,
3620689481072086263,4551284555,2025-04-28 11:30:42+00:00,8,524,2,"롬앤의 1호 오프라인 스토어💗 성수에 핑크천국 롬앤 플래그십 스토어인 핑크오피스에 다녀왔습니다  롬앤 전제품 테스트, 구매는 당연하고 플래그십 스토어에서만 파는 리미티드 쥬시까지 🍎🥑🍇  코하에서 미리 예약하면 퍼스널컬러 진단과 나만의 틴트 만들기 체험도 가능하니까 꼭 방문하는거 추천!  🚪𝗢𝗣𝗘𝗡 2025.05.01   📍𝗟𝗢𝗖𝗔𝗧𝗜𝗢𝗡 서울 성동구 연무장길88  🎁 𝗕𝗘𝗡𝗘𝗙𝗜𝗧 ✶ 1만원 이상 구매 시 : 틴뚜링 ✶ 3만원 이상 구매 시 : 더쥬시 미니 ✶ 4만원 이상 구매 시 : 핑크 스퀘어 파우치 ✶ 5만원 이상 구매 시 : 핑크오피스 리유저블백",DI_ReZZS4z3,,
3618484835519656745,4551284555,2025-04-25 10:30:00+00:00,8,774,0,클리오에는 여쿨을 위한 팔레트가 짱 많다 (˵¯͒⌄¯͒˵) 여쿨라로서 하트핑크다이아 사랑합니다💕,DI3cMlOSXMp,,
3617777622404683224,4551284555,2025-04-24 11:05:00+00:00,8,1201,2,말갛고 투명한 느낌의 블러셔가 좋은데 내 유형에 맞는 컬러를 못 찾았다면 여기서 골라요 (*•̀ᴗ•́*)و ̑̑,DI07ZRrydXY,,
3626683608641491503,40113953659,2025-05-06 17:59:58+00:00,8,3,0,"#제품제공 @banilaco_official @banilaco_b.bybanila #버디즈2기  입술에 빵빵한 볼륨 충전 ╰(*°▽°*)╯ 🌸바닐라코 립 플럼퍼, 봄을 맞아 NEW 컬러가 출시되었어요🌸  •Maxi Bunny🐰 멀~멀한 딸기 우유가 생각나는 뽀-얀 토끼혀립…💗 입술에 여리한 생기를 더해줘요  •Maxi Apple🍎 맑은 레드빛! 딱 사과가 생각나는 컬러에요❤️ 주황끼, 분홍끼 하나없고 딱 말간 레드빛이라 입술 안쪽에 포인트 주면 너무 청량…✩  여름에 너~무 예쁠 것 같아요🫶  바닐라코 플럼퍼에는 두 가지 버전이 있는데요! •Light 마일드한 자극감으로 초보자용  •Maxi✔️ 강한 자극감 + 확실한 볼륨감! 저도 이번에 맥시를 사용해봤는데요…진짜 맵긴 맵더라구요… 그대신 진짜 효과는 확실해요+_+❤️ 입술이 작아서 고민이신 분들은 진짜 만족할 것 같아요!! 시중에 나와있는 플럼퍼들보다 훠어얼씬 강력하답니다>_<🔥  - #올리브영 #올리브영추천 #banilaco #버디즈 2기 #틴트 #립플럼퍼추천 #올리브영립플럼퍼 #립오일 #플럼퍼 추천 #볼륨립플럼퍼 #lipplumper #lipmakeup #dailymakeup",DJUkYbtztIv,,
3626632151132186249,40113953659,2025-05-06 16:17:43+00:00,8,3,40,"#제품제공 @anillo_official  아닐로 로지 글로우 밤, 진심 예쁘다…🌹💗  립이랑 치크 다 되는데, 광까지 예뻐서 피부 톤이 환해 보이는 느낌>_< 생기있는 은은한 컬러에 립밤같은 촉촉함으로 립 상태 안좋을 때 바르기 딱 좋아요!  무엇보다 카카오선물하기 단독 구성으로 핑크 테리 키링 파우치까지 세트라니💗 파우치가 포슬포슬 분홍색 비누마냥 너무 귀엽답니다♡ 포장까지 감성 제대로라 선물용으로 완~전 추천  다가오는 생일이나 기념일 선물로 아닐로 선물세트 어때요!!!  #아닐로 #anillo #아닐로로지글로우밤 #립앤치크밤 #카카오선물하기 #선물추천",DJUYroLPqaJ,,
3625816771211989290,40113953659,2025-05-05 13:19:11+00:00,2,107,56,"#ad @brookesia_official  🦎베이스 맛집 브루케시아, 무신사에 떴다!🖤 72시간 지속력에 속건조 케어까지 가능한 매트쿠션에, 스파츌라까지 포함된 단독 기획세트가 무신사에서만 40% 할인이라니!  민감성 피부도 안심하고 쓸 수 있는 임상 완료 제품이라 메이크업 무너짐 걱정 없이 하루 종일 매끈하게! 스파츌라는 위생적으로 사용 가능하고 크림, 선크림, 에센스 등 멀티템으로 활용도 가능해서 완전 효자템!  [브루케시아 X 무신사 신규 런칭 프로모션] 	•	기간: 25.05.12(월) ~ 25.05.22(목) 	•	구성: 매트쿠션 + 시그니처 스파츌라 	•	혜택: 단 11일간 무신사에서만 40% OFF (정가 36,900원 → 할인가 22,140원)  놓치면 진짜 후회할 구성… 무조건 장바구니에 담기💚",DJRfSScvpEq,https://scontent-ssn1-1.cdninstagram.com/v/t51.75761-15/495684836_18051912734337660_8819605654077760126_n.jpg?stp=dst-jpg_e15_s640x640_tt6&_nc_cat=102&ig_cache_key=MzYyNTgxNjc3MTIxMTk4OTI5MDE4MDUxOTEyNzMxMzM3NjYw.3-ccb7-5&ccb=7-5&_nc_sid=58cdad&_nc_ohc=Y8oHhKS8LAkQ7kNvwEGbz62&_nc_oc=AdkF5OeUX_Yuq7GKn042abHb2BngXYL3wyYR_EabBgYA0zl4Vk5myS1etGIbz47DjA4&_nc_ad=z-m&_nc_cid=0&_nc_zt=23&_nc_ht=scontent-ssn1-1.cdninstagram.com&_nc_gid=dTf_KpOgjxbiOGxGbaeYhg&oh=00_AfLX52wttv_L-pHXglJUtHtZGLZUgPLOQmoNwQ3smgdMAw&oe=68213F21,https://scontent-ssn1-1.cdninstagram.com/o1/v/t2/f2/m86/AQOJngYO9JgViYctAfNldAmNQLdfQVcewsjnDRtW-xOPS1eFINUJS_uk2BTQ7QtNJevC3N0zwb_D11EHFdNpySjSXIWB81y0dEGg0UU.mp4?_nc_cat=106&_nc_sid=5e9851&_nc_ht=scontent-ssn1-1.cdninstagram.com&_nc_ohc=0lgqo_Qd41YQ7kNvwGQ_Pc_&efg=eyJ2ZW5jb2RlX3RhZyI6Inhwdl9wcm9ncmVzc2l2ZS5JTlNUQUdSQU0uQ0xJUFMuQzMuNzIwLmRhc2hfYmFzZWxpbmVfMV92MSIsInhwdl9hc3NldF9pZCI6MTM5MjA1NDk1NTM3MjI5NiwidmlfdXNlY2FzZV9pZCI6MTAwOTksImR1cmF0aW9uX3MiOjQ1LCJ1cmxnZW5fc291cmNlIjoid3d3In0%3D&ccb=17-1&vs=f33bd657e49fcf87&_nc_vs=HBksFQIYUmlnX3hwdl9yZWVsc19wZXJtYW5lbnRfc3JfcHJvZC9GQTQ5NTQ5NzU3QTUzMzA3MTlGMDkxNjk4QUM1MzZCNF92aWRlb19kYXNoaW5pdC5tcDQVAALIAQAVAhg6cGFzc3Rocm91Z2hfZXZlcnN0b3JlL0dDOWtTQjBCdDRWTnJuVUdBSklkb1JyZ2Uzb0JicV9FQUFBRhUCAsgBACgAGAAbAogHdXNlX29pbAExEnByb2dyZXNzaXZlX3JlY2lwZQExFQAAJpC8-9GhhPkEFQIoAkMzLBdARvul41P3zxgSZGFzaF9iYXNlbGluZV8xX3YxEQB1_gdl5p0BAA&_nc_zt=28&oh=00_AfK4zwd4V_7L3mM3qxz4TWoDpjPkTfxsMhhk14ZNLJPLWw&oe=681D4743
3625610291473534664,40113953659,2025-05-05 06:27:28+00:00,8,3,0,"#제품제공 @myga_official  마이가 노글루 속눈썹 다크 브라운🤎 쉐잎도 너무 예쁘고, 다크 브라운 컬러라 데일리로 너무 예쁘게 사용할 수 있는 노글루 속눈썹!   길이감도 딱 적당하고 인위적이지 않아서 좋더라구요>_< 연장한 것 같은 자연스러움이 있어요ㅎㅎ  프리미엄 소재를 사용해서 착용감 향상 & 초경량 투명 밴드 사용으로이물감까지 최소화 시켰다는데요!  요즘 연장안하고 요거 붙이고 있답니다•••🤎  🔻🛒구매링크🔻 https://m.a-bly.com/goods/28003631  #속눈쎱 #속눈썹추천 #노글루 #노글루속눈썹 #속눈썹글루 #브라운데일리 #마이가다크브라운 #마이가노글루속눈썹",DJQwVnNR87I,,
3624874730861187226,40113953659,2025-05-04 06:06:03+00:00,8,155,68,#광고 @lenbling_official #렌블링서포터즈 렌블링은… 렌블링은… 진짜 천재야…💚 제 렌즈인생 렌블링없이는 상상하기도 싫어요…🥹  렌블링 신상렌즈 ✨라지퓨어블✨ 이 출시되었는데요! 제가 착용한 건 애쉬브라운🤎 기존 퓨어블보다 발색력이 확실히 쨍!해졌어요!  근데 이게 부담스러운 느낌이 아니라 걍 너무 예쁨… 데일리로도 가눙… 눈이 정말 반짝반짝✨빛나는 느낌이에요 ㅠㅠ  주문제작 렌즈라 그런지 착용감도 더더 편해졌더라구요… 축고정 렌즈인데도 두께감이 많이 안느껴지고 가벼운 느낌이에요>_< 렌블링 사랑해…🫶 렌블링 서포터즈 활동 너무 기대되어요… 이게 바로 덕업일치…♡  - #렌블링서포터즈 #렌블링 #렌블링신상렌즈 #렌즈 #렌즈추천 #lens #렌블링리뷰 #렌블링후기 #컬러렌즈 #렌즈추천 #빅직경렌즈 #렌블링퓨어블 #렌블링라지퓨어블,DJOJFzARVCa,,
3623495925034126674,40113953659,2025-05-02 08:28:16+00:00,2,134,70,#ad @returnity_official @returnity_official  에이티즈 산님이 쓰시는 붓기 신박템…💗 (덕업일치) 그냥 귀걸이같은데 붓기도 빼준다고요? >_< 올영 더블기획으로 get해보기!!!,DJJPliAvA1S,https://scontent-ssn1-1.cdninstagram.com/v/t51.2885-15/495126531_18051606860337660_1006538993342055663_n.jpg?stp=dst-jpg_e15_p360x360_tt6&efg=eyJ2ZW5jb2RlX3RhZyI6IkNMSVBTLmltYWdlX3VybGdlbi43MjB4MTI4MC5zZHIuZjc1NzYxLmRlZmF1bHRfY292ZXJfZnJhbWUifQ&_nc_ht=scontent-ssn1-1.cdninstagram.com&_nc_cat=100&_nc_oc=Q6cZ2QGZ_JLNW6xncmhX42mfV4TtyX5Bbm9p71EiA6v1unmemgRIfXffAZ7uwh_GB19N9P4&_nc_ohc=zhH3EQz2IAEQ7kNvwFswuqj&_nc_gid=dTf_KpOgjxbiOGxGbaeYhg&edm=ABmJApABAAAA&ccb=7-5&ig_cache_key=MzYyMzQ5NTkyNTAzNDEyNjY3NDE4MDUxNjA2ODU3MzM3NjYw.3-ccb7-5&oh=00_AfID9vcI1E0zjpNbk4FbIBNQJlSAGupiZd_3LpxHanpiNQ&oe=68214BBA&_nc_sid=b41fef,https://scontent-ssn1-1.cdninstagram.com/o1/v/t2/f2/m86/AQMqqbyBYAOwSdYc9HjUPdAveDEHBwKTj9cMJfwZ1Tif9wKQdyLBQgOPpqxA6JqZbR6uE2-EusGumRB-MaoOLxyhmKegK8sCG-03GYU.mp4?_nc_cat=107&_nc_sid=5e9851&_nc_ht=scontent-ssn1-1.cdninstagram.com&_nc_ohc=5FF66WKY06cQ7kNvwGdof_h&efg=eyJ2ZW5jb2RlX3RhZyI6Inhwdl9wcm9ncmVzc2l2ZS5JTlNUQUdSQU0uQ0xJUFMuQzMuNzIwLmRhc2hfYmFzZWxpbmVfMV92MSIsInhwdl9hc3NldF9pZCI6MzU1Mjg1MTk1MTY5MTE0NywidmlfdXNlY2FzZV9pZCI6MTAwOTksImR1cmF0aW9uX3MiOjU4LCJ1cmxnZW5fc291cmNlIjoid3d3In0%3D&ccb=17-1&vs=35f1e2f364ea28b1&_nc_vs=HBksFQIYUmlnX3hwdl9yZWVsc19wZXJtYW5lbnRfc3JfcHJvZC9CRTQwNDEzMTM3M0RCQzUyNzYyMkJCMTM2QjRCRENBRV92aWRlb19kYXNoaW5pdC5tcDQVAALIAQAVAhg6cGFzc3Rocm91Z2hfZXZlcnN0b3JlL0dKRUplaDEzbkZiMXRXd0NBTnJPSERwOFRVNUNicV9FQUFBRhUCAsgBACgAGAAbAogHdXNlX29pbAExEnByb2dyZXNzaXZlX3JlY2lwZQExFQAAJpaWqeiZ088MFQIoAkMzLBdATW7ZFocrAhgSZGFzaF9iYXNlbGluZV8xX3YxEQB1_gdl5p0BAA&_nc_zt=28&oh=00_AfKRPCu5IMsriLA_D12EF8B1ovvDmuf-IlYaWlbBONlhDA&oe=681D6290
3622728425719936900,40113953659,2025-05-01 07:03:08+00:00,2,104,61,"#ad @weglan_official 하객메이크업 GRWM•••하객 메이크업, 색조 찐~하게 하고 간다고? 절대 안돼❌  자연스러움을 살린 깨끗한 메이크업으로 가야지~!   위글랜 속광앰플로 피부 광 최대한 끌어주고💛 지속력 좋은 쿠션파데 조합으로 하객 메이크업 100% 성공해보자구😚  👰‍♀️특히 위글랜 속광 앰플은 ✔️ 속건조 때문에 고민이거나 ✔️ 화장이 계속 들뜬다 ✔️ 끈적임 없는 화잘먹템 찾는다 하면 무조건 써봐!✨",DJGhE8kvzeE,https://scontent-ssn1-1.cdninstagram.com/v/t51.2885-15/491431436_18051516758337660_4027785222304775020_n.jpg?stp=dst-jpg_e15_p360x360_tt6&efg=eyJ2ZW5jb2RlX3RhZyI6IkNMSVBTLmltYWdlX3VybGdlbi43MjB4MTI4MC5zZHIuZjc1NzYxLmRlZmF1bHRfY292ZXJfZnJhbWUifQ&_nc_ht=scontent-ssn1-1.cdninstagram.com&_nc_cat=100&_nc_oc=Q6cZ2QGZ_JLNW6xncmhX42mfV4TtyX5Bbm9p71EiA6v1unmemgRIfXffAZ7uwh_GB19N9P4&_nc_ohc=-OKNTh6jrw0Q7kNvwEDAlYh&_nc_gid=dTf_KpOgjxbiOGxGbaeYhg&edm=ABmJApABAAAA&ccb=7-5&ig_cache_key=MzYyMjcyODQyNTcxOTkzNjkwMDE4MDUxNTE2NzUyMzM3NjYw.3-ccb7-5&oh=00_AfKCG3Z_NlWYNIm3hkOuHp8e6atAKy_qi_0SznYbTPZR_w&oe=682135A7&_nc_sid=b41fef,https://scontent-ssn1-1.cdninstagram.com/o1/v/t2/f2/m86/AQMqe9UnPIxLYW8LkxGTayJaP2tA87uDyPxc_uUo29o8fsNFZ6IEspnaS87bzT0uYmahUaYakbsN0MntX27W3knzTeINs-Nk6dQT_h8.mp4?_nc_cat=102&_nc_sid=5e9851&_nc_ht=scontent-ssn1-1.cdninstagram.com&_nc_ohc=FcFgKrdCtkQQ7kNvwFBTZsO&efg=eyJ2ZW5jb2RlX3RhZyI6Inhwdl9wcm9ncmVzc2l2ZS5JTlNUQUdSQU0uQ0xJUFMuQzMuNzIwLmRhc2hfYmFzZWxpbmVfMV92MSIsInhwdl9hc3NldF9pZCI6OTU5MTgxODUwNzUzNDY1NywidmlfdXNlY2FzZV9pZCI6MTAwOTksImR1cmF0aW9uX3MiOjQ2LCJ1cmxnZW5fc291cmNlIjoid3d3In0%3D&ccb=17-1&vs=732c0f11e8fd3530&_nc_vs=HBksFQIYUmlnX3hwdl9yZWVsc19wZXJtYW5lbnRfc3JfcHJvZC8wRDQyMTJERkJFQTEwQkVCNDgwNzI4RDU2NTM1NjY4MF92aWRlb19kYXNoaW5pdC5tcDQVAALIAQAVAhg6cGFzc3Rocm91Z2hfZXZlcnN0b3JlL0dBNEplQjJFN3ZUZVNlOEVBSGhQaE10VzdCa3licV9FQUFBRhUCAsgBACgAGAAbAogHdXNlX29pbAExEnByb2dyZXNzaXZlX3JlY2lwZQExFQAAJoKFou6o7YkiFQIoAkMzLBdARyZmZmZmZhgSZGFzaF9iYXNlbGluZV8xX3YxEQB1_gdl5p0BAA&_nc_zt=28&oh=00_AfK3LXVQk_XJoCtwAkEHrs8QbOupBkyKDeK8m8amvLVLsg&oe=681D724F
3622221755516251209,40113953659,2025-04-30 14:15:03+00:00,8,3,0,"#제품제공 @rataplan.official  🌸✨톤업+무기자차+속톤케어까지 한 번에!✨🌸 민감 피부도 안심하고 쓸 수 있는 라타플랑 별꽃비타 톤업 선크림✨ 자연스러운 핑크빛 톤업에 촉촉한 수분감까지 담긴 데일리 선크림이에요.  발림성이 정말 부드럽고, 밀착력도 좋아서 파데프리용으로 딱! 속건조가 있는 피부도 뜨지 않고 화사하게 톤업돼요. 특히 붉은기와 칙칙함을 자연스럽게 커버해줘서 트러블 자국 많은 피부에 추천해요.  ✔️ EWG 그린등급 성분 사용으로 민감 피부도 안심 ✔️ 무기자차로 자극은 줄이고 자외선 차단은 확실하게 ✔️ 자연스럽고 화사한 핑크빛 톤업 ✔️ 색소침착 부위 피부톤 개선 테스트 완료  사진 속에 보시면 바르기 전과 후 톤 차이가 확실해요! 손등뿐만 아니라 얼굴과 목까지 뭉침 없이 예쁜 광채 표현이 가능해서 요즘 데일리템으로 쓰고 있어요.  #라타플랑 #톤업선크림 #무기자차 #EWG그린등급 #톤업크림추천 #파데프리 #민감피부선크림",DJEt37LPOxJ,,
3620645427616903075,40113953659,2025-04-28 10:06:41+00:00,2,170,104,"#광고 @heynature_official  ‼️두~꺼운 피부 화장도 살아남게 해주는 베이스 꿀템 찾음‼️ 💧헤이네이처 아쿠아 블라스트 젤💧 촉촉한 물광막이 씌워지면서 화잘먹 피부로 코팅해줌!  실제로 해외 메이크업 아티스트들이 극찬하고, 100만개 팔린 아이템이래요🩵",DI_HdVav2-j,https://scontent-ssn1-1.cdninstagram.com/v/t51.2885-15/491422851_18051245048337660_9189730652848145783_n.jpg?stp=dst-jpg_e15_p360x360_tt6&efg=eyJ2ZW5jb2RlX3RhZyI6IkNMSVBTLmltYWdlX3VybGdlbi43MjB4MTI4MC5zZHIuZjc1NzYxLmRlZmF1bHRfY292ZXJfZnJhbWUifQ&_nc_ht=scontent-ssn1-1.cdninstagram.com&_nc_cat=100&_nc_oc=Q6cZ2QGZ_JLNW6xncmhX42mfV4TtyX5Bbm9p71EiA6v1unmemgRIfXffAZ7uwh_GB19N9P4&_nc_ohc=AZSVK44OeNgQ7kNvwFuC_hN&_nc_gid=dTf_KpOgjxbiOGxGbaeYhg&edm=ABmJApABAAAA&ccb=7-5&ig_cache_key=MzYyMDY0NTQyNzYxNjkwMzA3NTE4MDUxMjQ1MDQ1MzM3NjYw.3-ccb7-5&oh=00_AfLtmZAMlrXT6JkQlGoY7LNqwiONfKMsDbk9oYrJiyrM0g&oe=6821429B&_nc_sid=b41fef,https://scontent-ssn1-1.cdninstagram.com/o1/v/t2/f2/m86/AQOb6pr7L30symYNQrd30kfn216B5tYO7Fu3ekJPdYqh_U0smig6n66BUhNkZwZTw1rfKhETI057cQb3ClokI6ymWGNR3YqVqxq7KAA.mp4?_nc_cat=109&_nc_sid=5e9851&_nc_ht=scontent-ssn1-1.cdninstagram.com&_nc_ohc=NqaarMQ4ep4Q7kNvwG5bQBN&efg=eyJ2ZW5jb2RlX3RhZyI6Inhwdl9wcm9ncmVzc2l2ZS5JTlNUQUdSQU0uQ0xJUFMuQzMuNzIwLmRhc2hfYmFzZWxpbmVfMV92MSIsInhwdl9hc3NldF9pZCI6MTE2MTAxMTk3MjQ0MzQ3MywidmlfdXNlY2FzZV9pZCI6MTAwOTksImR1cmF0aW9uX3MiOjQ3LCJ1cmxnZW5fc291cmNlIjoid3d3In0%3D&ccb=17-1&vs=7c7db8bd9bb7386&_nc_vs=HBksFQIYUmlnX3hwdl9yZWVsc19wZXJtYW5lbnRfc3JfcHJvZC9CNjRBOURFRTE4NkM2NTU0NTE3NEIxMzQ1QTk3MDk5OV92aWRlb19kYXNoaW5pdC5tcDQVAALIAQAVAhg6cGFzc3Rocm91Z2hfZXZlcnN0b3JlL0dBc09jaDBsOFVKbUxwZ0dBTmlOd1l1VDF0NDZicV9FQUFBRhUCAsgBACgAGAAbAogHdXNlX29pbAExEnByb2dyZXNzaXZlX3JlY2lwZQExFQAAJqK1lKPl-48EFQIoAkMzLBdAR8hysCDEnBgSZGFzaF9iYXNlbGluZV8xX3YxEQB1_gdl5p0BAA&_nc_zt=28&oh=00_AfLCayE9jxDd_DHi0RqSEijoumys0VttczdIQKqDz-1HHA&oe=681D41F6
3620494269959049594,40113953659,2025-04-28 05:02:51+00:00,8,3,0,"#제품제공 @neomedix_official  요즘 탄수화물에 입 터져서 꾸준히 챙겨먹는  💚네오메딕스 혈당 스파이크💚  식전 30분 전에 1포 챙겨 먹어봤는데, 확실히 평소보다 포만감이 느껴져서 식사량이 자연스럽게 줄더라구요…?  게다가 식후 혈당 관리까지 함께 되는 제품이라 밥 먹고 나서도 덜 무겁고 깔끔한 느낌! 밥 먹고 혈당이 확 오르면 피로감 폭발, 살도 더 쉽게 찌거든요…! 건강을 위해서 식후 혈당 스파이크 꼭 잡아야 해요!💚  가르시니아 캄보지아 추출물, 바나바잎 추출물 같은 식약처 인증 2중 기능성 원료 + 엄선된! 9가지 부원료까지 들어있어서 몸에 부담 없이 매일 먹고 있어요!  다이어트할 때 ‘배고픔’이 제일 힘들었는데, 이제는 좀 더 수월하게 관리할 수 있을 것 같아요. 확실히 가르시니아 성분때문에 탄수화물 폭발적으로 먹어도 많이 안찌는 것 같아서 만족하면서 먹는 중!!🥹💚  #혈당스파이크 #네오메딕스 #식후혈당관리 #다이어트템 #포만감관리 #건강습관",DI-lFs4PxF6,,
3612819189029005875,44994768076,2025-04-17 14:53:50+00:00,8,692,59,오랜만에 뒤죽박죽 일상입니댜~🦋🌀,DIjT-kvyeoz,,
3617819759053889353,44994768076,2025-04-24 12:29:04+00:00,8,3597,73,"곧 여름이니까 미리 준비해본 쪼리, 그리구 여름이면 빠질 수 없는 실버 까지 - 🩶  낮에 잠깐! 테라스 타임 즐기고 왔는데요 ☀️  토앤토의 제로비티 OG는 160g의 가벼운 무게로 신은 것 같지 않은 구름같은 편안함 그 잡채..☁️  #토앤토 #TAWNTOE #제로비티OG",DI1E-cfy99J,,
3541440035902102478,44994768076,2025-01-09 03:16:12+00:00,8,3847,67,셀카보다 거울셀카를 더 많이 찍는 나예요 〰️🪞✨,DEluPMFSpvO,,
3627101497449909434,44994768076,2025-05-07 07:50:14+00:00,8,281,51,레드조아인간 ଘ(੭*ˊᵕˋ)੭*♥ 요즘 날씨가 너무 좋아서 테라스 헌팅중 ••• ☀️🌀,DJWDZg_ygy6,,
3626272058055009453,44994768076,2025-05-06 04:22:17+00:00,8,481,54,우리 아지트에서 ⌦ .｡.:*♡,DJTGzlXSySt,,
3625649689502264960,44994768076,2025-05-05 07:45:45+00:00,8,332,43,#광고 워뇨의 렌즈 👀!!! 하파크리스틴이 올리브영 합정메세나폴리스점에 오픈해서 호다닥 다녀왔는데요-! (워뇨보러 간거 아님.. 아니 맞음..같이 셀카도 찍음✌️)  오픈 기념 행사도 진행중이라니까 하파 렌즈끼고 워뇨되고 싶었던 분들은 참고하세요 >.<  📍 서울특별시 마포구 양화로 45 메세나폴리스 지하1층 올리브영 내  #하파크리스틴 #하파올리브영합정메세나폴리스점,DJQ5S7eya6A,,
3624359189922994419,44994768076,2025-05-03 13:03:02+00:00,2,206,23,"#광고 요즘 매일 밤, 아모레퍼시픽 메이크온 스라테3S로 3분 루틴 케어에 푸욱 빠져있는데요 :)  3초면 피부 상태를 측정해주고, 그날 컨디션에 맞춰 4가지 모드로 집중 케어해줘서 진짜 똑똑한 뷰티 디바이스더라구요-!  부스팅모드부터 더블토닝, 릴랙싱업, 컨투어링모드까지 고민 부위에 맞춰 골라 쓰는 재미도 있어요.  시간은 짧고 효과는 확실한 홈케어 디바이스 찾고 있었다면 추천드려요🖤  @makeon.kr #메이크온 #스킨라이트테라피3S #스라테3S #뷰티디바이스 #뷰티디바이스후기",DJMT3sFyFjz,https://scontent-ssn1-1.cdninstagram.com/v/t51.2885-15/495216532_4167462863475994_6120588985793591002_n.jpg?stp=dst-jpg_e15_p360x360_tt6&efg=eyJ2ZW5jb2RlX3RhZyI6IkNMSVBTLmltYWdlX3VybGdlbi42NDB4MTEzNi5zZHIuZjcxODc4Lm5mcmFtZV9jb3Zlcl9mcmFtZSJ9&_nc_ht=scontent-ssn1-1.cdninstagram.com&_nc_cat=110&_nc_oc=Q6cZ2QHft-pkOAcNIt65dm6837dcz1gqiunElEyS2milFGxn0ItrOu5ktK9bws1l6unyE90&_nc_ohc=-FM45knV3e4Q7kNvwENLNW-&_nc_gid=fHBcJ_y5g-cHJFn1hQ4ZYw&edm=ABmJApABAAAA&ccb=7-5&ig_cache_key=MzYyNDM1OTE4OTkyMjk5NDQxOQ%3D%3D.3-ccb7-5&oh=00_AfJH817PltE5oorYND90zlJpbhjfZXGOIKFjftC7_DiYlw&oe=68215B44&_nc_sid=b41fef,https://scontent-ssn1-1.cdninstagram.com/o1/v/t2/f2/m86/AQMxZMrdWP6xDy9HOguZst9CWnIXq4LBW1MM5G6-F-IJvQDn6k6dfL05U9OUf6pYgmD82r48dD4gnTvkE9d-IYspqOdcabL-Runecfk.mp4?_nc_cat=100&_nc_sid=5e9851&_nc_ht=scontent-ssn1-1.cdninstagram.com&_nc_ohc=5IrBvxTGV0wQ7kNvwE-9Upp&efg=eyJ2ZW5jb2RlX3RhZyI6Inhwdl9wcm9ncmVzc2l2ZS5JTlNUQUdSQU0uQ0xJUFMuQzMuNzIwLmRhc2hfYmFzZWxpbmVfMV92MSIsInhwdl9hc3NldF9pZCI6MTYxMjY3MzkzOTQ0MjAzMCwidmlfdXNlY2FzZV9pZCI6MTAwOTksImR1cmF0aW9uX3MiOjQ0LCJ1cmxnZW5fc291cmNlIjoid3d3In0%3D&ccb=17-1&vs=f3dcf81ddd3b5667&_nc_vs=HBksFQIYUmlnX3hwdl9yZWVsc19wZXJtYW5lbnRfc3JfcHJvZC9DMDQxQzExQUE5NDYxRTdDQkVBQjk0QjkyMDIwRTRBM192aWRlb19kYXNoaW5pdC5tcDQVAALIAQAVAhg6cGFzc3Rocm91Z2hfZXZlcnN0b3JlL0dMNlJoQjBhWHdMUjlHb0NBSkh4UUJCbTRLRVRicV9FQUFBRhUCAsgBACgAGAAbAogHdXNlX29pbAExEnByb2dyZXNzaXZlX3JlY2lwZQExFQAAJtyl5JT9rd0FFQIoAkMzLBdARgAAAAAAABgSZGFzaF9iYXNlbGluZV8xX3YxEQB1_gdl5p0BAA&_nc_zt=28&oh=00_AfJXh1PrF9E2AOMaHKyiK9kXlOuQzzwI8Sk7A3PrdL9PdQ&oe=681D5181
3623582292742089279,44994768076,2025-05-02 11:18:12+00:00,8,1359,57,"요즘 촉촉한 피부 유지를 위해 열시미 관리받는 중 🤍 덕분에 피부화장이 잘 먹더라구요,, 역시 관리를 해야대나바요…",DJJjOWNSao_,,
3622873104135100696,44994768076,2025-05-01 11:51:50+00:00,2,211,29,"#광고 @laneige_kr   요즘 데일리 쿠션으로 잘 사용하고 있는  라네즈 NEW 🩵 네오쿠션 뮤이 🩵 소개할게요  너무 매트하지도, 글로우하지도 않고 속은 촉촉하고 겉은 매끈하게 마무리되어서 피부 컨디션 안 좋은 날에도  매끈하면서도 촉촉한 예쁜 피부표현이 가능한 제품인데요 :)  여러 번 덧 발라도 텁텁한 느낌 없이 슬림하고 매끈하게 밀착돼서 요즘 같은 계절에 딱이더라구요! 수정화장할 때도 아주 요물인 제품이랍니다 🤍  참고로 기존 네오쿠션 매트보다 반톤 정도 밝게 나왔다고 해요! 화사한 피부 표현 가능한 데일리 쿠션 찾으신다면 매끈속촉 피부결을 완성해주는 뮤이쿠션 강추드려요-😵‍💫  5월 1일부터 올리브영 온라인몰과 오프라인에서 런칭기념 프로모션 진행 한다고 하니 참고하셔서 득템하시길 바래요 :)  💟 본품(15g) + 퍼프 2개 증정 구성 💟 17W / 21C / 21W / 23N 진행 💟 32,000원 ➔ 25,700원 (19% OFF) 💟 선착순 스페셜 기프트 증정!  #네오쿠션뮤이 #뮤이쿠션 #뮤이 #매끈속촉 #유일뮤이 #MEWY #MewyCushion#뮤보정 #뮤보정피부 #수부지쿠션 #매끈속촉 #매끈 #올리브영 #올리브영쿠션 #올영세일추천템 #올영세일",DJHB-S2ShkY,https://scontent-ssn1-1.cdninstagram.com/v/t51.2885-15/495145861_18064962830496077_2196384109239126504_n.jpg?stp=dst-jpg_e15_p360x360_tt6&efg=eyJ2ZW5jb2RlX3RhZyI6IkNMSVBTLmltYWdlX3VybGdlbi43MjB4MTI4MC5zZHIuZjc1NzYxLmRlZmF1bHRfY292ZXJfZnJhbWUifQ&_nc_ht=scontent-ssn1-1.cdninstagram.com&_nc_cat=105&_nc_oc=Q6cZ2QHft-pkOAcNIt65dm6837dcz1gqiunElEyS2milFGxn0ItrOu5ktK9bws1l6unyE90&_nc_ohc=wP9fij-S95IQ7kNvwHJU2Wo&_nc_gid=fHBcJ_y5g-cHJFn1hQ4ZYw&edm=ABmJApABAAAA&ccb=7-5&ig_cache_key=MzYyMjg3MzEwNDEzNTEwMDY5NjE4MDY0OTYyODI3NDk2MDc3.3-ccb7-5&oh=00_AfKJZEeG_TChRTi0-U2wEZeaE5pgj1kExKxEXzJJIRKpJA&oe=6821398A&_nc_sid=b41fef,https://scontent-ssn1-1.cdninstagram.com/o1/v/t2/f2/m86/AQPzTZ59bmr4Suf5erwuwkQOXWX8zPeiyxPHN6MTDcF7d4SqmMlFiWZzdNu1tEjvZKwcd2ahEWErtmIKXChu0vSOAWRXC7a_L6HmjME.mp4?_nc_cat=101&_nc_sid=5e9851&_nc_ht=scontent-ssn1-1.cdninstagram.com&_nc_ohc=2cGE6At-pqcQ7kNvwH_a-sO&efg=eyJ2ZW5jb2RlX3RhZyI6Inhwdl9wcm9ncmVzc2l2ZS5JTlNUQUdSQU0uQ0xJUFMuQzMuNzIwLmRhc2hfYmFzZWxpbmVfMV92MSIsInhwdl9hc3NldF9pZCI6NDExNjUwNjMzNTIzNzEwOCwidmlfdXNlY2FzZV9pZCI6MTAwOTksImR1cmF0aW9uX3MiOjQwLCJ1cmxnZW5fc291cmNlIjoid3d3In0%3D&ccb=17-1&vs=79509c31fbf529f1&_nc_vs=HBksFQIYUmlnX3hwdl9yZWVsc19wZXJtYW5lbnRfc3JfcHJvZC80MTRGODg5MjQ0RkI2RUQ4MERBOUMwMjIwMDlBMTNBMl92aWRlb19kYXNoaW5pdC5tcDQVAALIAQAVAhg6cGFzc3Rocm91Z2hfZXZlcnN0b3JlL0dHdWRmQjJmaVlqMk53b0ZBTWFiQ1k2NTV3bzlicV9FQUFBRhUCAsgBACgAGAAbAogHdXNlX29pbAExEnByb2dyZXNzaXZlX3JlY2lwZQExFQAAJujPnp2a_M8OFQIoAkMzLBdARAzMzMzMzRgSZGFzaF9iYXNlbGluZV8xX3YxEQB1_gdl5p0BAA&_nc_zt=28&oh=00_AfIWytJanDoWmq1eRVZAbEN_XqGHvf2DsvffSfXiG21l9Q&oe=681D45A6
3622138426314829932,44994768076,2025-04-30 11:29:30+00:00,8,790,54,좋아하는 맛집에 좋아하는 사람들이랑~ 😋  내일이면 벌써 5월인데요 😳😫  제가 오늘 착용한 @b.comely_official 나시가 내일부터 5월7일까지 더블유컨셉 뉴컨셉할인 30%이상 할인한다구 하니 여름 옷 눈여겨보고있던 사람들은 참고하세요 🥨   #비코멜리#더블유컨셉#여름코디추천,DJEa7UzybBs,,
3372753033975600807,3101095360,2024-05-21 09:25:14+00:00,8,1282,232,"📙📙📙책이 출간 되었습니다.📙📙📙  안녕하세요. 제 콘텐츠를 봐주시는 여러분. 스마트폰 촬영 예술가, 크리에이터 담이입니다.😊  여러분의 삶을 다채롭게 만들어 줄 책, <내 인생을 빛내줄 스마트폰 사진>이 드디어 출간되었습니다.🎉🎉 지금 부터 예스24, 교보문고, 알라딘 등 인터넷 서점에서 만나보실 수 있습니다.  2년이 넘는 시간 동안 집필한 이 책은 일상을 빛낼 수 있는 사진 · 보정 방법들을 고이고이 품고 있는 연금술 같은 책입니다.  '누구나' 재미있고 쉽게 읽을 수 있습니다. '앞으로' 담이가 인스타그램에 업로드한 사진처럼 똑같이 찍고 보정할 수 있습니다.  네, 자신합니다.✨ 재미있으실 거고, 분명 사진이 달라지실 겁니다.📸  잠깐 떴다 사라지는 글을 쓰고 싶지 않았습니다. 제가 알고 있는 비법을 숨기고 싶지 않았습니다.  허황되지 않은 책,  틈틈이 한 번씩 꺼내 읽게 될 책을 쓰고 싶었습니다.  행복함과 즐거움을 느끼실 수 있도록 '경험'에 중점을 맞추어 실제 보정 실습을 할 수 있도록 내용을 구성하였습니다.   시장에서 가장 합리적인 가격을 출판사에서 책정해주셨습니다. 교보, 예스24, 알라딘 인터넷 서점에서 10% 할인에 매달 주는 1,000원 쿠폰을 사용하면 16,820원에 책 1권을 구매하실 수 있습니다.  팔로워분들을 비롯한 독자분께  1. 합리적안 가격 2. 정성스런 책 내용 3. 책만 읽고 실습을 따라 해도 정말 달라지는 사진과 색감  3박자를 모두 드리고 싶었는데 정말 그렇게 된 것 같아 한 편으로 기쁩니다.   스마트폰으로 사진을 잘 찍고 싶다면, 크리에이터 담이의 사진 · 보정 비법이 궁금하시다면, 새로운 취미 활동을 만들어보고 싶다면, 연인에게 책을 선물하고 싶다면, 인스타그램 피드를 예쁘게 바꾸고 싶으시다면,  <내 인생을 빛내줄 스마트폰 사진> 책과 함께해보세요.   PART 1. 스마트폰 촬영 기초 다지기 PART 2. 스마트폰 촬영 핵심 공식 PART 3. 상황별 스마트폰 촬영 비법 PART 4. 스마트폰 색감 보정 실전편  파트1~4를 읽고 나시면 여행을 갈 때✈️ 친구들 사진을 찍어 줄 때 📷 더욱 즐겁고 추억이 짙어 지실 거예요.🌈  🍀2024년 제 책 판매에 따른 실제 제게 입금되는 정산 금액의 1%는 학교폭력예방재단(@btf_bluetree)인 푸른나무재단에 기부합니다. 🍀초판 1쇄 중 일부 도서에는 싸인본이 들어 있는 한정판입니다. 한정 수량이오니 아마 지금 구매하시면 한정판을 받아가실 수 있을거예요!  이 책이 탄생하기 까지 오랜 시간 응원해 준 가족, 은지, 친구들, 스승님들, 추천사를 써주신 동원님(@hello_dongwon), 이준희 작가님(@lee_junhee_), 유리쌤(@yuri_athenaa) 빌리버튼 대표님(@billybutton_books), 편집자님, 그리고 팔로워 여러분 모두 고맙습니다.  2024년 5월 21일, 크리에이터 담이.  * 책은 각 예스24, 교보문고, 알라딘 각 인터넷 서점과 담이의 프로필 링크에서 만나실 수 있습니다.",C7ObQPJPJan,,
3433667752715334156,3101095360,2024-08-13 10:31:55+00:00,8,798,297,"팔로워분들께 드리는 감사 편지✉️ (댓글 1개당 100원 기부 이벤트 중)  팔로워 여러분 안녕하세요. 크리에이터 담이, 이승기입니다.😊 그동안 스토리에는 편지는 많이 썼었는데, 손편지를 쓰는 건 2018년 크리에이터 생활을 하고 처음인 것 같습니다. 너무하고 싶었던 일이었는데, 이제서야 하게 되었네요.  먼저 ""감사합니다"" 라는 말로 글의 포문을 열고 싶습니다. 고개 숙여서 ""감사합니다""  한 번으론 부족한 것 같습니다. 또 한 번 ""감사합니다""   여러분들이 없었으면 제가 이곳까지 올 수 있었을까요? 아니오. 절대 불가능한 일입니다. 이 적확한 사실은 날이 갈수록 선명해집니다. 선명해지다 못해 뚜렷해져 매일 매일 감사하는 마음으로 살아가라며 마음에서 소리칩니다. 그래서 저는 하루하루를 매일 감사하는 마음으로 살아갑니다.  혹여나 초심을 잃어도 빨리 정신을 차리고 제자리에 돌아오려 합니다. 예의 없거나 자만에 빠지거나 약속을 지키지 않는 것을 싫어합니다. 크리에이터는 사랑 덕에 앞으로 나아갈 수 있는 직업, 그렇기에 진정성과 진심을 다해야 한다는 것이 저의 크리에이터 철학입니다. 이 생각을 앞으로도 지켜나가겠습니다.  노을빛에 구름이 드리우면 구름 사이로 부챗살빛이 비춥니다.☀️ 황홀하고 영화로운 풍경입니다. 저는 여러분들께 부챗살빛 같은 사람이 되고 싶습니다.  마주하면 따뜻하고, 마움이 울적할 때 보면 마음이 풍요로워 지는, 그런 사람말입니다.  여러분 저는 꿈이 있습니다. 🌈 꿈을 이루는 것, 흔히 버킷리스트라고 하지요.  저는 담이 + 버킷리스를 합쳐 '담킷리스트'를 2018년 부터 이뤄나가고 있습니다. 신기하게도 절대로 이루지 못할 것 같았던 일도 적고 간절히 행동하면 이루어지더라고요.  (2024년 담킷리스는 옆으로 넘기시면 볼수 있도록 손수 적었습니다. ) 꿈을 이루는 여정도 잘 지켜봐주셨으면 좋겠습니다.  스마트폰을 통해 여러분이 느끼는 사계절을 더 사계절답게 기록하고 스마트폰의 가치를 더 높여줄 수 있도록 앞으로도 최선을 다하겠습니다.  마지막으로, 니엘 글라투아어의 글을 빌려 여러분께 진심을 전합니다.✍️ 팔로워 여러분 늘 여러분을 생각합니다. 아침에도, 낮에도, 저녁에도, 밤에도, 그리고 그 사이의 시간과 그 바로 앞, 바로 뒤 시간에도, 감사함을요.  제 채널에 방문해주신 모든 여러분, 행복과 즐거움이 가득한 하루 되셨으면 좋겠습니다. 고맙습니다.  2024.08.24 크리에이터 담이 드림.  ps. ⭐이 게시물 댓글 1개당 100원씩으로 하여 청소년폭력예방재단인 푸른나무재단(@btf_bluetree)에 기부를 하는 이벤트를 열고자합니다.(2024년 12월 31일 까지) 오랜만에 저를 보신 팔로워 여러분, 댓글 남겨주세요! 오랜만에 반갑게 인사 나누고 세상을 행복하게 만들어가는 일로 동참해보아요. 저와 이미 많이 소통하고 계신 팔로워 여러분도 댓글 남겨주세요! 반갑게 인사드리겠습니다 :)  #팔로워여러분께 #손편지 #감사인사 #감사합니다 #푸른나무재단 #기부 #기부이벤트 #댓글이벤트 #크리에이터담이",C-m1qD1T7IM,,
2895211817711999206,3101095360,2022-08-01 12:16:05+00:00,8,2100,451,글을 쓰는데 힘들었던 기억이 스쳐지나가네요. 그래도 지금은 너무나 즐겁게 크리에이터 생활을 하고 있습니다!  편지 끝까지 읽어주신 분들.. 과연 있을까요? 너무 길어서.ㅎㅎ  다 읽으신 분들은 댓글 남겨주세요!!😊  #편지 #팔로워 #구독자 #진심 #정성  #다짐 #선언 #채널소개 #채널배경 #채널목표,Cgt288IPJjm,,
3627187649821459955,3101095360,2025-05-07 10:41:24+00:00,8,329,36,"덕적도의 아름다운 풍경을 담아왔어요.🧑  참 오랜만에 제 뒷모습 사진을 첫 번째로 올리는 것 같아요. 괜...찮나요? ☺️  그만큼 덕적도가 마음에 들었고,  그 순간을 여러분과 꼭 나누고 싶었어요.   덕적도의 푸른 바다와  서서히 저무는 노을,  밤이 되자 수줍게 나타난 은하수까지ㅡ 다양한 자연을 마주하니 마음이 벅차올랐어요.  섬 전체가 쉼표 같았던 시간. 일상에서 잠시 벗어났던 귀한 시간이었습니다.  팔로워 여러분도 이 사진을 보며 잠시나마 마음이 편해지는,  작은 힐링의 순간을 느끼셨으면 좋겠습니다.🌿  ----------------------------------  📸 갤럭시 S23, S25 울트라 📍 덕적도  ---------------------------------- ⬇️ 프로필 링크 📙 내 인생을 빛내줄 스마트폰 사진 책 출간 🌿 '자연'에 최적화된 보정 필터 어플을 만나보실 수 있어요. ---------------------------------",DJWW_MpSsXz,,
3626385601874002015,3101095360,2025-05-06 08:09:07+00:00,2,247,22,갤럭시 AI 100배 줌으로 비행기 찍어보기(무보정)✈️  갤럭시 일부 최신 기종에는 AI줌 기능이 있어요. 노이즈를 줄이고 디테일을 살려주는 기능입니다.  10배 망원이 탑재되어 있는 S23울트라로 비행기를 찍어봤어요✈️ 100배줌 성능! 어떠신가요?  🚩 인천 덕적도 🌈 스마트폰으로 찍었어요. 보정은 안했어요.  ------------------------  🗝️프로필 링크 🔸스마트폰 사진&보정 책 🔸색감 보정 필터 앱 FilmN Dami : Nature  --------------------------   #GalaxyS23Ultra #withGalaxy #갤럭시 #갤럭시S23울트라 #비행기 #비행운 #AI줌 #비행기,DJTgn3SSoBf,https://scontent-ssn1-1.cdninstagram.com/v/t51.2885-15/495658320_18401032231103361_2786892700766441781_n.jpg?stp=dst-jpg_e15_p360x360_tt6&efg=eyJ2ZW5jb2RlX3RhZyI6IkNMSVBTLmltYWdlX3VybGdlbi43MjB4MTI4MC5zZHIuZjc1NzYxLmRlZmF1bHRfY292ZXJfZnJhbWUifQ&_nc_ht=scontent-ssn1-1.cdninstagram.com&_nc_cat=109&_nc_oc=Q6cZ2QHSXtmcs74HhHeSx2cipIsCDOR89VXyJdQImKhOcoQH5O4_bLH4joxLegJFFaPgjbk&_nc_ohc=kT3JO0jJJNMQ7kNvwHQeQbK&_nc_gid=lx3LRETxgQIPq8hPr5pz_A&edm=ABmJApABAAAA&ccb=7-5&ig_cache_key=MzYyNjM4NTYwMTg3NDAwMjAxNQ%3D%3D.3-ccb7-5&oh=00_AfIaIeikixasv2fO1hZK9njL9uRDG5JW54pJANZ4nn7FHQ&oe=6821619B&_nc_sid=b41fef,https://scontent-ssn1-1.cdninstagram.com/o1/v/t2/f2/m86/AQPKjUchl_zV9J18jZzKkJnOTqGcVmGX6yN9JB2n5dNvWjeUkjLcAgIh26ItFKKal7R7agsXsX7iV5CR0rOrFmLYdjZqjQnNf6TL6j0.mp4?_nc_cat=109&_nc_sid=5e9851&_nc_ht=scontent-ssn1-1.cdninstagram.com&_nc_ohc=j6m1vSOzlzcQ7kNvwGGb-ky&efg=eyJ2ZW5jb2RlX3RhZyI6Inhwdl9wcm9ncmVzc2l2ZS5JTlNUQUdSQU0uQ0xJUFMuQzMuNzIwLmRhc2hfYmFzZWxpbmVfMV92MSIsInhwdl9hc3NldF9pZCI6MTA4NjY2NDQ2MzI5Mjk3MSwidmlfdXNlY2FzZV9pZCI6MTAwOTksImR1cmF0aW9uX3MiOjE5LCJ1cmxnZW5fc291cmNlIjoid3d3In0%3D&ccb=17-1&vs=a044cba3f4916fb4&_nc_vs=HBksFQIYUmlnX3hwdl9yZWVsc19wZXJtYW5lbnRfc3JfcHJvZC85MzRENjQyMkY2MEMzNkQ1OTQ5MTkyNTJCRUQ3OENCNl92aWRlb19kYXNoaW5pdC5tcDQVAALIAQAVAhg6cGFzc3Rocm91Z2hfZXZlcnN0b3JlL0dKdTJqUjNNRXBHU19IWUNBUEhqcGl3cHpDSjVicV9FQUFBRhUCAsgBACgAGAAbAogHdXNlX29pbAExEnByb2dyZXNzaXZlX3JlY2lwZQExFQAAJtbomJWZlO4DFQIoAkMzLBdAM6crAgxJuhgSZGFzaF9iYXNlbGluZV8xX3YxEQB1_gdl5p0BAA&_nc_zt=28&oh=00_AfJamAql2nU-uSrMKF_MT361BrkFOd_8bUKl0f-foDd9Ew&oe=681D63A6
3626181292318071520,3101095360,2025-05-06 01:21:57+00:00,8,353,10,"소나무 하트, 자연한테 고백 받은 순간.🌲  안녕하세요. 크리에이터 담이입니다. 2박 3일간 덕적도를 다녀왔어요. 매년 트래킹 목적으로 섬여행을 가는데, 덕적도는 지금껏 가 본 섬들 중에서 '백패킹하기 좋은 섬' 이라는 생각이 들었어요. 정말 많은 사람들이 텐트를 치고 해변가에서 하루를 묵더라고요!  또 덕적도 하면 '비조봉'이 있는데 비조봉의 장면은 너무나 아름다워서 아직도 여운이 남아요. (비조봉은 내일 또 보여드릴게요!)  덕적도에는 130~180년 된 적송이 모여 있고 군데군데 소나무 군락지가 있어요. 오늘은 소나무 숲을 지나가면서 찍은 순간들을 소개해드릴게요.  덕적도 여행 시 참고하세요!⬇️  🛳️덕적도 가는 방법 인천연안여객터미널에서 1시간 ~ 1시간 30분이면 도착하는 인천의 섬이에요.  🎟️배 금액(1인) 인천-덕적도 : 23,800 덕적도 - 인천 : 27,300  ⭐️ 덕적도 꿀팁 • 항구에 하나로마트가 있어요. • 숙소가 많은 곳은 서포리해변 근처에요 • 버스가 다니기 때문에 배 시간을 놓칠 일은 없어요. • 근방에 문갑도, 소야도, 대이작도 등 다른 섬도 배를 타고 여행할 수 있어요.  ----------------------------------  📸 갤럭시 S23, S25 울트라 📍 덕적도  ---------------------------------- ⬇️ 프로필 링크 📙 내 인생을 빛내줄 스마트폰 사진 책 출간 🌿 '자연'에 최적화된 보정 필터 어플을 만나보실 수 있어요. ---------------------------------  #덕적도 #소나무 #자연 #자연감성 #백패킹성지 #섬트래킹 #트래킹 #earth #갤럭시 #withgalaxy",DJSyKxLyRrg,,
3624237071470366292,3101095360,2025-05-03 09:00:18+00:00,2,132,20,"편집앱 유료화 때문에 멘붕 왔던 사람 🙋‍♀️ 스프링은 무료로 사용가능해요.  👨담이 거 봐. 내가 뭐랬어. 스프링 진작 쓰라니깐~ 구독 안 해도 편집 기능도 다 무료고! 워터 마크도 없잖아!  👩은지 그러니까! 인터페이스도 어렵지 않은 데다가 스토어에서 다양한 효과들도 무료로 다운받아서 쓸 수 있으니까 그것도 좋더라고!  💎스프링 ✔️ 모든 편집 기능 무료 사용 ✔️ 워터마크 없이 4K 영상까지 저장  ✔️ 자동 자막, 손글씨, 필터 탑재 ✔️ 컷 편집부터 장면 전환, 자막 프리셋, BGM 삽입까지 다 간편함  📱 스프링은 앱스토어 / 구글플레이에서 바로 다운로드 가능!  🎶Song  Kevin MacLeod -Scheming Weasel faster, Fig Leaf Rag, Monkeys Spinning Monkeys  —— 👩 진짜 무료? 써보면 아는 스프링!🎞️ —— #스프링 #키네마스터 #영상편집앱 #무료영상편어플 #편집꿀팁 #숏폼편집 #릴스제작 #영상편집어플추천 #편집팁",DJL4Goayw5U,https://scontent-ssn1-1.cdninstagram.com/v/t51.75761-15/495339780_18400623193103361_2025938511210611033_n.jpg?stp=dst-jpg_e15_s640x640_tt6&_nc_cat=100&ig_cache_key=MzYyNDIzNzA3MTQ3MDM2NjI5MjE4NDAwNjIzMTg3MTAzMzYx.3-ccb7-5&ccb=7-5&_nc_sid=58cdad&_nc_ohc=71OiUYlZ_kIQ7kNvwEV4Vtx&_nc_oc=AdkQydQ6jhlJOaUjDPlT4RxNffsK45UIm1zv7b_Ro3R-cAsz4113LXR4kLcnS00y5-M&_nc_ad=z-m&_nc_cid=0&_nc_zt=23&_nc_ht=scontent-ssn1-1.cdninstagram.com&_nc_gid=lx3LRETxgQIPq8hPr5pz_A&oh=00_AfImnZi-9vQ0fF5qNrKnG0891jh9D_gu7s4nvll9gkKWYA&oe=68214308,https://scontent-ssn1-1.cdninstagram.com/o1/v/t2/f2/m86/AQOOAtT4VUxuWdCbrT5y49grlF2wm7HMTxCrChow-eJTdcm67k00PA0d8pRCuUq8xrYRR9S4ddoLxHfl7zwT2QkJ0amRY7j_hlmYb2I.mp4?_nc_cat=107&_nc_sid=5e9851&_nc_ht=scontent-ssn1-1.cdninstagram.com&_nc_ohc=0me1sh9S0E8Q7kNvwHytcLb&efg=eyJ2ZW5jb2RlX3RhZyI6Inhwdl9wcm9ncmVzc2l2ZS5JTlNUQUdSQU0uQ0xJUFMuQzMuNzIwLmRhc2hfYmFzZWxpbmVfMV92MSIsInhwdl9hc3NldF9pZCI6MTM2NTQ1ODU1Nzk5MjgyNCwidmlfdXNlY2FzZV9pZCI6MTAwOTksImR1cmF0aW9uX3MiOjM1LCJ1cmxnZW5fc291cmNlIjoid3d3In0%3D&ccb=17-1&vs=8fe26dd146c56d58&_nc_vs=HBksFQIYUmlnX3hwdl9yZWVsc19wZXJtYW5lbnRfc3JfcHJvZC9FRDRCODlCQjBEOENGNUYzNTc2RDhCQkZENjRGNkY5Q192aWRlb19kYXNoaW5pdC5tcDQVAALIAQAVAhg6cGFzc3Rocm91Z2hfZXZlcnN0b3JlL0dNN1RjQjNwclJZc0REQUVBTnIyMTc1Q0wySkdicV9FQUFBRhUCAsgBACgAGAAbAogHdXNlX29pbAExEnByb2dyZXNzaXZlX3JlY2lwZQExFQAAJvD974ST-OwEFQIoAkMzLBdAQfN0vGp--hgSZGFzaF9iYXNlbGluZV8xX3YxEQB1_gdl5p0BAA&_nc_zt=28&oh=00_AfKelcfGCSPBVThAlHUEP52oRTGYr9aS9o0HdfU5E685rw&oe=681D4504
3623535897775526537,3101095360,2025-05-02 09:46:39+00:00,2,318,23,"언젠가 필요할지 모르는 손글씨 촬영법! 3가지✍️ 저장해 놓으시고 필요하실 때 꺼내서 사용해보세요!  1. 난이도3개 ⭐⭐⭐ 준비물 : 작은 클립1개, 큰 클립 1개, 나무젓가락, 펜 1) 클립을 스마트폰 하단에 집고, 나무젓가락을 클립 구멍으로 넣습니다. 2) 나무젓가락과 펜을 클립으로 연결합니다. 3) 폰과 펜을 잘 잡고 글씨를 써줍니다. * 안정적이진 않아서 글씨보단 '일자선(line)' 중심으로 해보면 좋아요.  2. 난이도 2개 ⭐⭐ 준비물 : 카드함 같은 물건 + 펜 1) 테이프로 카드함 + 펜을 붙이고 글씨를 써줍니다. *이때 테이프가 화면에 깊게 달라붙으면 자국이 남을 수 있으니, 부착을 옆으로 잘해줍니다. 생각보다 안정적으로 글씨를 쓸 수 있습니다. 역동적인 손글씨 쓸 때 괜찮아요  3. 난이도 1개 ⭐ 준비물 : 펜 1) 그저 스마트폰을 뒤집어서 고정해서 촬영해주면 끝!  그럼 좋은 꿀팁으로 또 인사드릴게요!  ----------------------------------  📸 갤럭시 S25 울트라  ---------------------------------- ⬇️ 프로필 링크 📙 내 인생을 빛내줄 스마트폰 사진 책 출간 🌿 '자연'에 최적화된 보정 필터 어플을 만나보실 수 있어요. ---------------------------------  #손글씨 #창의적인 #창의적인영상 #creative #갤럭시 #아이디어 #idea #크리에이티브",DJJYrNhyVKJ,https://scontent-ssn1-1.cdninstagram.com/v/t51.75761-15/491901163_18400495279103361_8542119853816681387_n.jpg?stp=dst-jpg_e15_s640x640_tt6&_nc_cat=109&ig_cache_key=MzYyMzUzNTg5Nzc3NTUyNjUzNzE4NDAwNDk1MjczMTAzMzYx.3-ccb7-5&ccb=7-5&_nc_sid=58cdad&_nc_ohc=uKC87z331FUQ7kNvwG0MAjJ&_nc_oc=Adlu0L12nkmFVt-zM2yamwNFFIpts0dl_cC182HftgRbyvzX6yhz55E-BXaCGKHTU54&_nc_ad=z-m&_nc_cid=0&_nc_zt=23&_nc_ht=scontent-ssn1-1.cdninstagram.com&_nc_gid=lx3LRETxgQIPq8hPr5pz_A&oh=00_AfLpnMlAyTzjpoX1Hwzi9PbUDZ4-TVWrvAX0z5o4MOkbUg&oe=6821478E,https://scontent-ssn1-1.cdninstagram.com/o1/v/t2/f2/m86/AQOHboPruFrR0ulaTTzpOOr8LIfqRJj_s5JH1g0aXkcuDx9dc6681G_9q8nK12icGM3WQz3UZziuhkWTnEZOE2FFUTKPKqBfrlSsB44.mp4?_nc_cat=101&_nc_sid=5e9851&_nc_ht=scontent-ssn1-1.cdninstagram.com&_nc_ohc=diJRHSY9KsAQ7kNvwFY3rkq&efg=eyJ2ZW5jb2RlX3RhZyI6Inhwdl9wcm9ncmVzc2l2ZS5JTlNUQUdSQU0uQ0xJUFMuQzMuNzIwLmRhc2hfYmFzZWxpbmVfMV92MSIsInhwdl9hc3NldF9pZCI6OTY4MzcwMDk3ODM4ODIzNiwidmlfdXNlY2FzZV9pZCI6MTAwOTksImR1cmF0aW9uX3MiOjE4LCJ1cmxnZW5fc291cmNlIjoid3d3In0%3D&ccb=17-1&vs=c04e51f0e79c7e90&_nc_vs=HBksFQIYUmlnX3hwdl9yZWVsc19wZXJtYW5lbnRfc3JfcHJvZC8yODQxRjg4QTVGRTg0RjEwRjgwNUIzMTA5NTAzMkZCQ192aWRlb19kYXNoaW5pdC5tcDQVAALIAQAVAhg6cGFzc3Rocm91Z2hfZXZlcnN0b3JlL0dIX0NmUjJJeDhlWXNuQUVBS2JJRkdfSHlCY0ticV9FQUFBRhUCAsgBACgAGAAbAogHdXNlX29pbAExEnByb2dyZXNzaXZlX3JlY2lwZQExFQAAJpi07M7K0bMiFQIoAkMzLBdAMfdLxqfvnhgSZGFzaF9iYXNlbGluZV8xX3YxEQB1_gdl5p0BAA&_nc_zt=28&oh=00_AfJLzF9PYlraE2kXI1Wbf-ytElfyaAe7aeb26Fl9ETbhwg&oe=681D6272
3622060633954495242,3101095360,2025-04-30 08:54:56+00:00,8,797,32,"5월은 항상 그렇습니다.🌿 손을 뻗으면 햇빛의 온기가 따뜻하게 내려앉습니다.  순정만화에 나올 것 같은 5월의 쾌청한 하늘은 언제 보아도 질리지 않습니다.  쏴아- 바람과 함께 휘날리는 푸릇한 잎사귀를 보면 괜히 기분이 좋아집니다.   자연, 모든 조합이 맞아떨어질 때가  가장 많은 '달'인것 같습니다.   5월은 숨을 크게 마시고,  풍부한 감수성을 마음껏 표출하기 좋은 달입니다. 부드러운 오전도, 영화로운 오후도,  어둑발이 내려앉은 저녁도 그렇습니다.  5월은 그렇습니다. 자연과 함께하는 것이 좋아지니, 모든 것에 너그러워지는 '달' 같습니다.  그런 5월이 저는 참 좋습니다. 그래서 어느 계절보다 특별하게 보내보려 싶습니다.  이번 5월은 '덕적도'라는 섬여행을 통해 특별하게 보내려고 합니다.  팔로워 여러분,  2025년 5월 작년보다 더 생글생글한 시간 보내셨으면 좋겠습니다.  저도 그래볼게요.☺️  그럼, 좋은 콘텐츠로 또 인사드릴게요~ 고맙습니다.  2025년 4월 30일,  5월을 기다리는  크리에이터 담이 드림.  #5월 #계절 #글 #감성글 #시 #사진 #감성 #일상기록  --------------------------  📍5월의 금오도 📍5월의 하화도 📍5월의 백야도 📍5월의 노들섬 📍5월의 서래섬 📍5월의 동작역, 동작대교  -------------------------- ✨프로필 링크 📙 베스트셀러 [내 인생을 빛내줄 스마트폰 사진] 🌈 온라인 스마트폰 사진•보정 클래스 진행 중 🎨 자연에 최적화된 색감 필터 - FilmN Dami : Nature",DJEJPTByKsK,,
3621333898669711396,3101095360,2025-04-29 08:53:56+00:00,2,916,174,"충전할 때 피카츄가 나오는 설정법 알려드릴게요⚡#제품제공  안녕하세요. 크리에이터 담이입니다. 충전을 할 때 피카츄가 번개를 막~~ 내 뿜으면서 충전을 해준다면? 뭔가 유니크하겠죠!  그래서 준비했습니다.  ⚡설정법 1. 먼저 크리에이터 담이 프로필 링크에서 피카츄 영상을 다운받습니다. 2. 갤럭시 [모드 및 루틴] → + 버튼 눌러주세요. 3. 실행 조건 추가하기 → 충전 상태 → 유무선 충전 중 선택 4. 동작 추가하기 → 잠금화면 및 AOD → 잠금화면 배경 변경 선택 5. 갤러리 - 다운 받은 AI 영상 선택 6. 동작 추가하기 → 효과 → Edge lighting 효과 한 번 추가! 7. 마지막으로 루틴 이름을 설정하고 저장하면 바로 적용이 됩니다!  갤럭시 모드 및 루틴! 많이 사랑해주세요!  @92minu 님의 아이디어에 착안해서 만들어봤어요! 민우님 감사해요👍  피카츄 잠금화면은 5/18까지만 다운 받을 수 있으니, 참고 부탁드립니다!  --------------------------  📸Camera : S25 울트라  -------------------------- ✨프로필 링크 📙 베스트셀러 [내 인생을 빛내줄 스마트폰 사진] 🌈 온라인 스마트폰 사진•보정 클래스 진행 중 🎨 자연에 최적화된 색감 필터 - FilmN Dami : Nature  #갤럭시 #모드및루틴 #갤럭시꿀팁 #꿀팁 #갤럭시S25울트라 #WithGalaxy",DJBj_6DSeAk,https://scontent-ssn1-1.cdninstagram.com/v/t51.75761-15/491893254_18400087069103361_7534644144355216390_n.jpg?stp=dst-jpg_e15_s640x640_tt6&_nc_cat=111&ig_cache_key=MzYyMTMzMzg5ODY2OTcxMTM5Ng%3D%3D.3-ccb7-5&ccb=7-5&_nc_sid=58cdad&_nc_ohc=R2nQ86GxTsAQ7kNvwFj9GE0&_nc_oc=AdklBYPA2ofaWNZWyEfcqdcv6VYXPII4hqDwSovucdUU9HYU6uTyUxzGF0eX6pJgFL8&_nc_ad=z-m&_nc_cid=0&_nc_zt=23&_nc_ht=scontent-ssn1-1.cdninstagram.com&_nc_gid=lx3LRETxgQIPq8hPr5pz_A&oh=00_AfJP8az8xeW-sGZEnyJ3MpWlxLC7zZW1ulBc4sei50InGg&oe=68216648,https://scontent-ssn1-1.cdninstagram.com/o1/v/t2/f2/m86/AQMEyXs16EGM-mX_WKTVH1mh_1tUKNyJXF2etDsCKphBjrrsy7lm1hIQA0u2tz8j2n0ftISBvP4JMDzUv89MXaIDM216B3AnIIjAiq8.mp4?_nc_cat=106&_nc_sid=5e9851&_nc_ht=scontent-ssn1-1.cdninstagram.com&_nc_ohc=pQI9OHhq3QsQ7kNvwG0i8Wd&efg=eyJ2ZW5jb2RlX3RhZyI6Inhwdl9wcm9ncmVzc2l2ZS5JTlNUQUdSQU0uQ0xJUFMuQzMuNzIwLmRhc2hfYmFzZWxpbmVfMV92MSIsInhwdl9hc3NldF9pZCI6Njk4NTY0NDA5MjM0NTMzLCJ2aV91c2VjYXNlX2lkIjoxMDA5OSwiZHVyYXRpb25fcyI6MzYsInVybGdlbl9zb3VyY2UiOiJ3d3cifQ%3D%3D&ccb=17-1&vs=159fb4af0ce3ff03&_nc_vs=HBksFQIYUmlnX3hwdl9yZWVsc19wZXJtYW5lbnRfc3JfcHJvZC84QzRFRjhCODAyRTIxNzAxMTBGMzMyQzY4OTBCOThBN192aWRlb19kYXNoaW5pdC5tcDQVAALIAQAVAhg6cGFzc3Rocm91Z2hfZXZlcnN0b3JlL0dKTG9TQjBaekhCTU1XQUVBSXRGYk9EdU50WU5icV9FQUFBRhUCAsgBACgAGAAbAogHdXNlX29pbAExEnByb2dyZXNzaXZlX3JlY2lwZQExFQAAJsrRuLfm1b0CFQIoAkMzLBdAQiZmZmZmZhgSZGFzaF9iYXNlbGluZV8xX3YxEQB1_gdl5p0BAA&_nc_zt=28&oh=00_AfLxF2eDG1ThKJdkhg6_rLx_PI06jYsxp-ozGRNSq6Jlog&oe=681D58FB
3520440035328175203,69705637553,2024-12-11 03:52:57+00:00,8,3,53,#제품제공 #이벤트당첨 @romandyou   더 쥬시 신상 언박싱 유튜브 라이브에서 선물로 받은 슬라이드 인 싱글 메가팩이에요✨ 너무 감사하고 기뻐서 예쁘게 사진으로 담아봤어요💛 가루날림도 없고 깔끔하게 발려요! 하나하나 발색해보니 촉감이 너무 부드러웠어요🫶🏻동그라미 발색 너무 귀엽죠✨  #롬앤 #롬앤섀도우 #롬앤슬라이드인싱글,DDbHY9ezKxj,,
3604788556948414731,69705637553,2025-04-06 12:58:24+00:00,8,3,26,"#제품협찬 @cliocosmetics_official   CLIO 클리오 쉐이드 앤 섀도우 팔레트 03 Scoop of Shade🍦🍨  정말 갖고 싶었던 팔레트,,🍨 부드럽게 녹아드는 순우유 아이스크림같은 팔레트에요! 컬러가 다양해서 핑크 포인트 메이크업부터 은은한 음영 메이크업까지 다양하게 연출할 수 있어요💛 아이스크림처럼 부드러운 컬러들이라 부담스럽지 않아요💓 Cream & Cream 아이보리 쉬머 컬러가 하이라이터랑 애교살 포인트로 넘 좋아요☺️ 봄웜분들한테 완전 딱일 것 같아요><  #클리오 #클리오팔레트 #클리오레코멘드 #쉐이드앤섀도우팔레트레코멘드 #스쿱오브쉐이드레코멘드 #팔레트추천 @le.commend",DIGyBfzTaEL,,
3618604164181696622,69705637553,2025-04-25 14:27:33+00:00,8,3,43,"#제품제공 @lilybyred_official   릴리바이레드  ’NEW 이슬잔광(Soft Glow) 컬렉션‘ 💗 NEW 듀이 핏 팔레트 02 핑크 밀크티 / 03 오트밀  완전 최애 팔레트가 된 릴리바이레드 듀이 핏 팔레트! 맑은 수채화처럼 투명 이슬로 블렌딩되어 맑게 쌓이는 청초한 생기 무드의 13구 팔레트에요!💗 매트 젤리/글리터 젤리/매트 등 4가지 다양한 듀 텍스처로 구성해 팔레트 하나로 아이, 치크, 쉐딩, 하이라이터까지 활용 가능한 멀티 유즈 팔레트! 색이 하나하나 다 너무 예뻐요! 텍스처도 너무 부드러워서 계속 바르고 싶은 느낌이에요!>< 가루날림도 없고 젤리 제형은 말랑한데 발색이 잘 되었어요! 기획세트 패키지도 너무 예쁘고 안 예쁜 게 없는 이슬잔광 컬렉션💕 동글동글 귀여운 팔레트가 한 손에 쏙 들어와 그립감도 너무 좋아요><💓  ⭐️프로모션 5/1 AM 00:00 ’올리브영‘에서 런칭 예정인 릴리바이레드의 새로운 컬렉션! 듀이 핏 팔레트 31,000원 -> 21,900원 2호 & 3호는 올리브영 단독으로 < 듀이 핏 글리터 스틱 증정 기획 > 이 함께 출시됩니다! 듀이 핏 글리터 스틱은 매끈하고 가벼운 젤 크림 제형이라 부드럽게 발려요! 저는 애교살에 사용해줬는데 너무 예쁘더라구요! 반짝이는 펄이 애교살에 딱이에요💛  < 5/1 오특 > 바밍 듀이 틴트 14,000원 -> 9,710원 < 5/1~5/29 정기행사가 > 바밍 듀이 틴트 14,000원 -> 9,900원 / 듀이 핏 팔레트 31,000원 -> 21,900원 / 러브빔 치크밤 13,000원 -> 9,800원  #릴리바이레드 #이슬잔광컬렉션 #바밍듀이틴트 #듀이핏팔레트 #러브빔치크밤 #데일리메이크업 #내추럴메이크업 #올리브영 #올영추천템 #릴바레 #이슬잔광 #쿨톤 #웜톤 #메이크업",DI33VCszKBu,,
3627085662769691855,69705637553,2025-05-07 07:18:46+00:00,8,3,4,"#제품제공 @needly_official   에이투라인으로 더운 날씨에도 피부엔 산뜻하게 보습은 확실하게 수분 잠금🗝️✨  스킨-로션-크림 순서대로 레이어링 해주면 속건조 꽉 잡는 수분잠금 스킨케어를 할 수 있어요! 발림성도 부드럽고 답답하지 않아서 여러번 레이어링해주면 너무 좋아요! 유분기 도는거 선호하지 않는데 유분기, 끈적임 없이 촉촉하게 마무리할 수 있어서 너무 좋았어요! 에이투 제품 하나만 발라도 엄청 촉촉하고 좋은데 에이투라인 레이어링으로 완벽 수분잠금 해주니 촉촉 쫀쫀 대박이에요💛  NEEDLY 니들리  A to Line  🩵A to Cream-in-Skin ✨5/12 출시 예정✨ 스킨 하나만 발라도 확실한 보습감! 크림의 보습감을 압축해 만든 여러번 레이어링 해도 끈적임, 유분기 없는 산뜻한 마무리감의 스킨!  🩵A to Lotion 피부에 겉돌지 않고 흡수가 빠른  가벼운 제형으로 피부에 착붙하는 로션! 한 번만 발라도 아침부터 밤까지  건조함 걱정 없는 롱래스팅 수분감 로션이에요!  🩵A to Cream 고보습 크림이지만 끈적임 없이 산뜻한 마무리로  속은 촉촉, 겉은 뽀송한 보습 크림! 수분 유지는 물론, 수분 증발을 막아 100시간 동안 보습이 유지되는 크림이에요!  ⭐️5/12 에이투크림인스킨 출시와 더불어 에이투 라인(스킨, 로션, 크림) 최대 52% 할인+에이투 3종 미니어처 증정 ⭐️에이투라인 전체적으로 끈적임/유분감 없이 보습력은 꽉 채워줘 수부지 피부 타입/여름 보습 제품으로도 추천해요!  #needly #키스오브라이프스킨케어 #니들리  #에이투크림인스킨 #에이투로션 #에이투크림 #에이투라인 #수부지추천 #수부지추천템 #압축보습스킨 #수분잠금로션 #보습방패크림",DJV_zFzTLzP,,
3619231135563577335,69705637553,2025-04-26 11:13:14+00:00,8,3,34,"#제품제공 @cosnori_official  코스노리 이지 아이래쉬 펌 키트🩵  코스노리에서 이지 아이래쉬 펌 키트가 올리브영에서 선런칭되었어요! 속눈썹 펌 비싸서 고민되었는데 셀프 키트는 5회분에 훨씬 저렴하게 펌을 할 수 있어서 너무 좋은 것 같아요!  롯드 사이즈도 4개로 다양하고 접착제 없이도 살에 잘 붙는 타입이라 고정이 쉬웠어요! 롯드를 속눈썹 뿌리에 가깝게 붙여주는 게 중요해요! 1제/2제가 5회분이 들어있고 고정 왁스는 코코넛 향이 났고 양이 정말 많았어요! 왁스는 속눈썹을 고정시킬 정도로만 얇게 바르고 1제/2제는 속눈썹이 덮일 정도로 도톰하게 올려주세요! 속눈썹을 너무 많이 빗거나 건드리게 되면 먼저 발라둔 왁스가 고정력을 잃더라구요! 너무 많이 안 건드리는 게 포인트! 마지막에 기획 증정품인 블랙 틴팅세럼까지 발라주면 완성이에요! 속눈썹 펌 고민이셨던 분들 코스노리 셀프 키트 추천드려요!🩵💛  *올리브영 한정 기획세트 : 틴팅세럼 미니 증정 *기본 구성 : 펌 크림 1제, 2제 0.7ml x 5ea, 롯드 4세트(S, M, L, XL), 속눈썹 고정 왁스 10ml, 듀얼 아이브러쉬, 사용 설명서  * 올리브영 온라인몰 선런칭! 4월 한 달간 할인된 가격으로 구매 가능 * 오직 올리브영에서만✨ 틴팅세럼 미니 증정 기획세트로 구매 가능  #코리뷰 #사전체험단 #코스노리 #이지아이래쉬펌키트 #코스노리이지아이래쉬펌키트 #코스노리속눈썹펌키트 #속눈썹펌키트 #셀프속눈썹펌 #COSNORI #올리브영추천템 #올리브영속눈썹펌키트 #노마스카라 #노마스카라메이크업",DI6F4rTTPf3,,
3616958353870060579,69705637553,2025-04-23 07:57:37+00:00,8,3,0,"#제품제공 @peripera_official   peripera 페리페라 잉크 더 젤러블 틴트💘 02 핑끗차이 / 05 쿨럭쿨럭  페리페라는 쿨톤 천재야,,🩷 하트 볼 포인트가 너무 귀여운 틴트!! 싱그러운 쿨 베리 핑크 02 핑끗차이와 도도한 플럼레드 05 쿨럭쿨 럭 두 가지 컬러 모두 보기만해도 쿨함이 느껴지는 컬러인데요! 두 컬러 모두 너무 예쁘더라구요! 부드럽게 발리고 착색도 잘 돼요! 두 색을 같이 레이어링해주면 존재감 확실한 쿨 브라이트 조합 완 성🩷 완전 쿨 그 자체🩵 겨울쿨톤분들께 완전 추천드려요!!  #페리페라 #잉크더젤러블틴트 #페리페라틴트 #올영추천템 #올리브영 #틴트추천 #쿨톤틴트 #코덕 #코덕맞팔 #코스메틱 #화장품 #화장품추천 #뷰티 #렌즈 #올리브영 #뷰티블로그 #뷰티로그",DIyBHWZznwj,,
3613487940108053659,69705637553,2025-04-18 13:02:31+00:00,8,3,0,"#제품제공 @damtone__kr   담톤 수분 진정 시카 선크림💚 맑은 톤업 마일드 선크림🩷  💚수분 진정 시카 선크림은 더블액션 유기자차 신기술 적용해 자외선 분해는 물론 반사 효과 기술로 무기자차 역할까지 가능해요! 백탁 없이 피부에도 자극 없이 자외선 차단 가능한 선크림이에요! 바르자마자 시원한 수분감이 느껴져요! 진정 성분이 있어 민감성 피부 타입인 저도 정말 잘 사용했어요!  🩷맑은 톤업 마일드 선크림은 초밀착 스킨핏 톤업 선크림이에요! 수분이 먼저 피부에 흡수된 뒤, 파우더가 덮여 각질 부각, 모공끼임 없이 초밀착 스킨핏 톤업해줘요! 자연스럽게 톤업해줘서 너무 좋았어요! 파데프리 또는 비비크림과 같이 사용해도 좋을 것 같아요!  #파룸체험단 #담톤 #담톤선크림 #물폭탄선크림 #물복톤업선크림 #수분선크림 #진정선크림 #선크림추천 #sunscreen #sunblock #damtone",DIlsCLuTGyb,,
3601748997562168957,69705637553,2025-04-02 08:19:20+00:00,8,3,0,#광고 @hevvymakeup   HEVVY MAKEUP 헤비 메이크업 디파인 아이즈 펜 라이너 롱 블랙&미드 브라운  얇고 섬세하게 그리기 너무 좋은 아이라이너에요! 사진에는 블랙이랑 브라운이 다를 게 없어보이지만… 많이 진한 브라운은 아니었어요!! 여러 번 칠하면 진해져서 많이 진해보여요🥺 생각보다 정말 얇게 그려져서 너무 신기했어요! 앞트임과 눈 꼬리 그릴 때 좋을 것 같아요!   #글로우픽체험단 #글로리그램 #디파인아이즈펜라이너 #초극세탄력브러쉬 #데일리펜라이너 #헤비공식몰단독할인 #미드브라운 @glowpick_official #코덕 #코덕맞팔 #코스메틱 #화장품 #화장품추천 #뷰티 #렌즈 #올리브영 #뷰티블로그 #뷰티로그,DH7-6Fhz_Z9,,
3600208854619343829,69705637553,2025-03-31 05:19:21+00:00,8,3,48,"#제품협찬 @guccibeauty   GUCCI  glow highlighter 01 Sunrise Gold💛✨  역시 실망시키지 않는 구찌 하이라이터,,✨ 은은한 화이트 골드&핑크광이 너무 예뻐요💛 미세한 고농축 펄과 파우더-젤 타입의 포뮬러가 결합되어 고급진 광채를 만들어줘요! 부드럽고 발림성이 좋아 베이스 벗겨짐 없이 은은한 광을 연출할 수 있어요! 가루날림도 없어서 너무 좋아요! 각도에 따라 달리 보이는 광이 너무 예뻐요,, 최애 하이라이터 등극✨  #구찌 #구찌하이라이터 #구찌레코멘드  #구찌뷰티레코멘드 #하이라이터추천 #글로우하이라이터레코멘드  @le.commend",DH2guDozUvV,,
3599072189746108806,69705637553,2025-03-29 15:41:00+00:00,8,3,31,#제품협찬 @toocoolforschool_official   Toocoolforschool 투쿨포스쿨 베르 컬러 글로스 #1 블랜디드 피치  너무 예쁜 립을 찾았어요!! 글로시한 핑크 립🩷 완전 복숭아 마이쮸 향이에요💗💗 맑은 복숭아 핑크 느낌이 너무 매력적이에요! 덧바를수록 색이 진해지는데 1콧 2콧 3콧 매력이 다 달라서 원하는 느낌으로 표현하기 좋을 것 같아요! 은은한 광택감을 주고싶을 때 딱이에요🩷  #투쿨포스쿨 #투쿨포스쿨틴트 #립추천 #틴트추천 #글로스틴트 #레코멘드 #투쿨포스쿨레코멘드  #베르컬러글로스레코멘드 @le.commend,DHyeRZ-zdmG,,
3623512887578250756,67595576696,2025-05-02 09:00:00+00:00,8,104,0,😎 팝뷰와 함께할 인재를 찾습니다!  팝뷰와 함께 즐겁게 성장해나갈 인재를 찾습니다 💖  지원은 프로필 상단 링크트리 채용공고를 통해서! 많은 지원 부탁드려요 🙇‍♀️  📷 @illit_official  👀 더 많은 뷰티 정보가 궁금하다면? @pop.beau 둘러보기 🥰 #에디터 #에디터채용 #뷰티에디터 #코덕 #코스메틱덕후 #화장품 #화장 #매거진 #뷰티팁 #뷰티 #팝뷰 #popbeau,DJJTcXnJs4E,,
3579875520051824232,67595576696,2025-03-03 04:00:00+00:00,8,37580,106,"💫 한 달 동안 7kg 감량하는 방법  벌써 3월이라니! 😱 다이어트의 핵심은 충분한 수면, 규칙적인 생활 패턴, 꾸준한 실천인 점 모두 알고 계시죠?  굶지 않고, 확실하게 살 빠지는 루틴 정리 해왔어요✨  오늘부터 딱 한 달만, 다이어트 시작 해볼까요? 🔥  📷 @for_everyoung10   👀 더 많은 뷰티 정보가 궁금하다면? @pop.beau 둘러보기 🥰  #다이어트 #다이어트꿀팁 #다이어트식단 #운동 #바프 #한달다이어트 #단기다이어트 #식단추천 #뷰티 #팝뷰 #popbeau",DGuRdGIzkZo,,
3553285192785751619,67595576696,2025-01-25 11:30:00+00:00,8,14732,6,"💫 카리나도 뒤돌게 만드는 인생 섬유 유연제 추천  이거 무슨 냄새야? 내 살 냄새야 시전할 수 있는 섬유 유연제를 추천해 드려요!  대부분 2만원이 되지 않는 저렴한 가격이고 한 번 사면 오랫동안 쓸 수 있죠 😎  여러분들의 원픽 섬유 유연제는 무엇인가요?  📷 @katarinabluu, 쿠팡, 각 브랜드 홈페이지  👀 더 많은 뷰티 정보가 궁금하다면? @pop.beau 둘러보기 🥰  #섬유유연제 #향 #향수 #프래그런스 #향수추천 #섬유유연제추천 #냄새 #스너글 #향추천 #뷰티 #팝뷰 #popbeau",DFPzg6Fpm5D,,
3627197335205189026,67595576696,2025-05-07 11:00:00+00:00,8,101,0,"🍓 만원 이하 올영 인생템.zip  코덕들 심장 저격할 올영 갓성비템 모음! 가성비 끝판왕, 써본 사람만 안다는  올영 찐템만 골라왔어요 ✨  📷 @babymonster_ygofficial, 올리브영  👀 더 많은 뷰티 정보가 궁금하다면? @pop.beau 둘러보기 🥰  #화장품 #가성비 #화장품추천 #화잘먹 #올리브영 #코덕 #자기관리 #뷰티 #뷰티꿀팁 #팝뷰 #popbeau",DJWZMI3JhWi,,
3627166860256351905,67595576696,2025-05-07 10:00:00+00:00,8,117,4,"🍎 이사배가 빚은 아이돌, 내 최애 메이크업은?  연예인 메이크업 최강자 이사배 ✨ 직접 메이크업 받은 연예인들 사진 들고왔어요💄 댓글로 누가 제일 찰떡이었는지 골라보기!  📷 각 사진 계정 태그  👀 더 많은 뷰티 정보가 궁금하다면? @pop.beau 둘러보기 🥰  #이사배 #메이크업 #화장법 #자기관리 #아이돌 #꿀팁 #화장 #뷰티 #뷰티꿀팁 #팝뷰 #popbeau",DJWSQq2phah,,
3627106506746738503,67595576696,2025-05-07 08:00:00+00:00,8,57,0,"📦 올영 인기 품절템 모음  “이거 재입고 언제 돼요?” 묻는 사람들 줄 서는 템들만 모아봤어요.  올영 알바생들도 이제 이름만 봐도 눈 감고 위치 알려 준다는 찐 인기템  💬 여러분이 최근 반해버린 뷰티템도 댓글로 알려주세요!  📷 @reinyourheart, 올리브영  👀 더 많은 뷰티 정보가 궁금하다면? @pop.beau 둘러보기 🥰  #올영품절템 #향기템맛집 #올리브영추천 #데일리템 #향수템 #샤워템추천 #올리브영 #뷰티 #팝뷰 #popbeau",DJWEiaRJbdH,,
3626985691900303983,67595576696,2025-05-07 06:00:00+00:00,8,60,0,"👜귀여운 미니 화장품 모음  작고 귀여운 거 모으는 분들 손✋ 스몰 백에도, 파우치에도 쏙 들어가는 미니 화장품만 모아봤어요!  요즘 여러분의 최애 미니템은 뭔가요? 댓글로 알려주세요!👜  📷 @imnotningning   👀 더 많은 뷰티 정보가 궁금하다면? @pop.beau 둘러보기 🥰  #뷰티 #미니화장품 #파우치필수템 #휴대용화장품 #여행템추천 #스몰백템 #올영템 #닝닝 #에스파 #뷰티팁 #팝뷰 #popbeau",DJVpEUrJFpv,,
3626502779965448625,67595576696,2025-05-06 12:00:00+00:00,8,693,0,"🍓 화장 이렇게 하는 사람? 화알못 실수.zip  이 중 하나라도 해당된다면  화알못 탈출이 시급합니다 💥  나도 모르게 하고 있는 메이크업 실수,  지금 바로 확인해보세요!  📷 각 사진 계정 태그  👀 더 많은 뷰티 정보가 궁금하다면? @pop.beau 둘러보기 🥰  #화알못 #똥손 #메이크업 #화잘먹 #화장꿀팁 #메이크업팁 #자기관리 #뷰티 #뷰티꿀팁 #팝뷰 #popbeau",DJT7RB4zqGx,,
3626472256647806724,67595576696,2025-05-06 10:00:00+00:00,8,92,0,💕 진정한 느좋의 악마 김채원 사복 모음  사복인데 왜 이렇게 느낌 좋은 거죠..? 진짜 김채원은 패션 센스까지 완벽한 사복 장인 🎀 따라 입으면 무조건 성공하는 힙블리 무드!  📷 @_chaechae_1   👀 더 많은 뷰티 정보가 궁금하다면? @pop.beau 둘러보기 🥰  #김채원 #느좋 #사복 #아이돌 #ootd #패션 #뷰티 #뷰티꿀팁 #팝뷰 #popbeau,DJT0U21TT8E,,
3626381984077194489,67595576696,2025-05-06 08:00:00+00:00,8,303,0,"💛 올영 픽서 & 파우더 모음  픽서&파우더로 아침 메이크업을 저녁까지 착붙! 올리브영에서 찾은 여름 필수템들만 쏙쏙 골랐어요 ✨  더워지는 날씨에도 보송한 피부 유지하고 싶은 분들께 강력 추천! ☁️  여러분의 최애 픽서나 파우더도 댓글로 공유해주세요 💬🫶  📷 @dear.zia, 올리브영  👀 더 많은 뷰티 정보가 궁금하다면? @pop.beau 둘러보기 🥰  #뷰티 #픽서 #파우더 #지속력메이크업 #보송피부 #시험기간 #뷰티팁 #팝뷰 #popbeau",DJTfzN8zCT5,,
3465208326601415070,61591524705,2024-09-25 22:57:24+00:00,1,1,0,,DAW5J0TzZme,https://scontent-ssn1-1.cdninstagram.com/v/t51.29350-15/461460548_714246330899516_3631657851720728569_n.jpg?stp=dst-jpg_e15_tt6&efg=eyJ2ZW5jb2RlX3RhZyI6IkZFRUQuaW1hZ2VfdXJsZ2VuLjEwODB4MTA4MC5zZHIuZjI5MzUwLmRlZmF1bHRfaW1hZ2UifQ&_nc_ht=scontent-ssn1-1.cdninstagram.com&_nc_cat=108&_nc_oc=Q6cZ2QG1JT-HGd1FDGksfAANE0wGLKDvWIgxjFFWPG33XnGFjTsrchvFViC_YObuDZ4y41k&_nc_ohc=5IeF4rsznacQ7kNvwFrDz2H&_nc_gid=t18cjZbCV8Wh3hFsJH4caA&edm=ABmJApABAAAA&ccb=7-5&ig_cache_key=MzQ2NTIwODMyNjYwMTQxNTA3MA%3D%3D.3-ccb7-5&oh=00_AfLcd_ccQnj5hg2F5fEzQq-m6atl2f-sEqpsYs18lUsziw&oe=68215ED7&_nc_sid=b41fef,
3464479432575367638,61591524705,2024-09-24 22:49:13+00:00,1,1,0,,DAUTbA2TTnW,https://scontent-ssn1-1.cdninstagram.com/v/t51.29350-15/461282364_915659990406990_3249002905383227503_n.jpg?stp=dst-jpg_e15_tt6&efg=eyJ2ZW5jb2RlX3RhZyI6IkZFRUQuaW1hZ2VfdXJsZ2VuLjEwODB4MTA4MC5zZHIuZjI5MzUwLmRlZmF1bHRfaW1hZ2UifQ&_nc_ht=scontent-ssn1-1.cdninstagram.com&_nc_cat=106&_nc_oc=Q6cZ2QG1JT-HGd1FDGksfAANE0wGLKDvWIgxjFFWPG33XnGFjTsrchvFViC_YObuDZ4y41k&_nc_ohc=MzeeSclFh4IQ7kNvwGfTwNh&_nc_gid=t18cjZbCV8Wh3hFsJH4caA&edm=ABmJApABAAAA&ccb=7-5&ig_cache_key=MzQ2NDQ3OTQzMjU3NTM2NzYzOA%3D%3D.3-ccb7-5&oh=00_AfJe0N--nmtdWF6FQv0u_ipF0o-thO59YJevBZ0_og5O4Q&oe=68215578&_nc_sid=b41fef,
3463077366254609096,61591524705,2024-09-23 00:23:34+00:00,1,1,0,,DAPUoQ1TSLI,https://scontent-ssn1-1.cdninstagram.com/v/t51.29350-15/461140448_8117730318334058_6262659543293745125_n.jpg?stp=dst-jpg_e15_tt6&efg=eyJ2ZW5jb2RlX3RhZyI6IkZFRUQuaW1hZ2VfdXJsZ2VuLjEwODB4MTA4MC5zZHIuZjI5MzUwLmRlZmF1bHRfaW1hZ2UifQ&_nc_ht=scontent-ssn1-1.cdninstagram.com&_nc_cat=102&_nc_oc=Q6cZ2QG1JT-HGd1FDGksfAANE0wGLKDvWIgxjFFWPG33XnGFjTsrchvFViC_YObuDZ4y41k&_nc_ohc=HIy3KAGiFZUQ7kNvwEpGVhN&_nc_gid=t18cjZbCV8Wh3hFsJH4caA&edm=ABmJApABAAAA&ccb=7-5&ig_cache_key=MzQ2MzA3NzM2NjI1NDYwOTA5Ng%3D%3D.3-ccb7-5&oh=00_AfKWqP8qnnD6BCdltBNGU_3CQUty3NCK23_YnfZo1cQWkA&oe=68215846&_nc_sid=b41fef,
3462140972820442180,61591524705,2024-09-21 17:23:07+00:00,1,0,0,,DAL_t8fSaxE,https://scontent-ssn1-1.cdninstagram.com/v/t51.29350-15/460943630_8409655415792710_8441196293599113735_n.jpg?stp=dst-jpg_e15_tt6&efg=eyJ2ZW5jb2RlX3RhZyI6IkZFRUQuaW1hZ2VfdXJsZ2VuLjEwODB4MTA4MC5zZHIuZjI5MzUwLmRlZmF1bHRfaW1hZ2UifQ&_nc_ht=scontent-ssn1-1.cdninstagram.com&_nc_cat=110&_nc_oc=Q6cZ2QG1JT-HGd1FDGksfAANE0wGLKDvWIgxjFFWPG33XnGFjTsrchvFViC_YObuDZ4y41k&_nc_ohc=2eNdPASyNJkQ7kNvwHinP2i&_nc_gid=t18cjZbCV8Wh3hFsJH4caA&edm=ABmJApABAAAA&ccb=7-5&ig_cache_key=MzQ2MjE0MDk3MjgyMDQ0MjE4MA%3D%3D.3-ccb7-5&oh=00_AfI1kJxBudH9p0NPDaXGkSI5u2AGSVHK6oYjdGxzWk3s6w&oe=682145A9&_nc_sid=b41fef,
3461623560736213918,61591524705,2024-09-21 00:15:07+00:00,1,0,0,,DAKKEm7zgue,https://scontent-ssn1-1.cdninstagram.com/v/t51.29350-15/460760834_1426997111300824_6010722660132644704_n.jpg?stp=dst-jpg_e15_tt6&efg=eyJ2ZW5jb2RlX3RhZyI6IkZFRUQuaW1hZ2VfdXJsZ2VuLjEwODB4MTA4MC5zZHIuZjI5MzUwLmRlZmF1bHRfaW1hZ2UifQ&_nc_ht=scontent-ssn1-1.cdninstagram.com&_nc_cat=104&_nc_oc=Q6cZ2QG1JT-HGd1FDGksfAANE0wGLKDvWIgxjFFWPG33XnGFjTsrchvFViC_YObuDZ4y41k&_nc_ohc=Z-bmIlw4B7EQ7kNvwFt00L3&_nc_gid=t18cjZbCV8Wh3hFsJH4caA&edm=ABmJApABAAAA&ccb=7-5&ig_cache_key=MzQ2MTYyMzU2MDczNjIxMzkxOA%3D%3D.3-ccb7-5&oh=00_AfIiTeBW3WRUcq58Bdj-Pgs3j5MmYTk8GoB5U_D792iugQ&oe=68216A58&_nc_sid=b41fef,
3460980769302717169,61591524705,2024-09-20 02:58:00+00:00,1,0,0,,DAH36wwvyLx,https://scontent-ssn1-1.cdninstagram.com/v/t51.29350-15/460669528_542799928310431_2747344319730423418_n.jpg?stp=dst-jpg_e15_tt6&efg=eyJ2ZW5jb2RlX3RhZyI6IkZFRUQuaW1hZ2VfdXJsZ2VuLjEwODB4MTA4MC5zZHIuZjI5MzUwLmRlZmF1bHRfaW1hZ2UifQ&_nc_ht=scontent-ssn1-1.cdninstagram.com&_nc_cat=107&_nc_oc=Q6cZ2QG1JT-HGd1FDGksfAANE0wGLKDvWIgxjFFWPG33XnGFjTsrchvFViC_YObuDZ4y41k&_nc_ohc=qScIZznddhkQ7kNvwH6D59t&_nc_gid=t18cjZbCV8Wh3hFsJH4caA&edm=ABmJApABAAAA&ccb=7-5&ig_cache_key=MzQ2MDk4MDc2OTMwMjcxNzE2OQ%3D%3D.3-ccb7-5&oh=00_AfKWwF5oMG-ostxG_3zs6TTrXnuDCBM1fYPAYQzXz_BU6w&oe=68216A12&_nc_sid=b41fef,
3460465116787389848,61591524705,2024-09-19 09:53:29+00:00,1,3,11,🌟가치를 상승시키는 그로스비즈🌟 ⠀ 소비자가 선택한 브랜드 그로스비즈 ⠀ 🏆 2022 올해의 IT 브랜드파워 1위 🏆 2021 한국최우수브랜드대상 수상 🏆 2021 대한민국브랜드만족지수 1위 ⠀ 그로스비즈만의 남다른 빅데이터 기술력과 만족도 높은 SNS마케팅 솔루션을 받아보세요😎 ⠀ 📞 상담은 프로필 링크 클릭! ⠀ ─ ⠀   회기케이크,DAGCrB7vjWY,https://scontent-ssn1-1.cdninstagram.com/v/t51.29350-15/460644824_1097628745114374_5659929459348314089_n.jpg?stp=dst-jpg_e15_tt6&efg=eyJ2ZW5jb2RlX3RhZyI6IkZFRUQuaW1hZ2VfdXJsZ2VuLjEwODB4MTA4MC5zZHIuZjI5MzUwLmRlZmF1bHRfaW1hZ2UifQ&_nc_ht=scontent-ssn1-1.cdninstagram.com&_nc_cat=106&_nc_oc=Q6cZ2QG1JT-HGd1FDGksfAANE0wGLKDvWIgxjFFWPG33XnGFjTsrchvFViC_YObuDZ4y41k&_nc_ohc=0jfdPzA35YEQ7kNvwHTFSQd&_nc_gid=t18cjZbCV8Wh3hFsJH4caA&edm=ABmJApABAAAA&ccb=7-5&ig_cache_key=MzQ2MDQ2NTExNjc4NzM4OTg0OA%3D%3D.3-ccb7-5&oh=00_AfKRLIO5SfmJWVmXDP6TewjjpKWUv6LKoMop45VgKxS55A&oe=682154C1&_nc_sid=b41fef,
3459204515155141207,61591524705,2024-09-17 16:08:54+00:00,1,0,0,,DABkC3LP-JX,https://scontent-ssn1-1.cdninstagram.com/v/t51.29350-15/460444600_1039663620742561_5008609958280801529_n.jpg?stp=dst-jpg_e15_tt6&efg=eyJ2ZW5jb2RlX3RhZyI6IkZFRUQuaW1hZ2VfdXJsZ2VuLjEwODB4MTA4MC5zZHIuZjI5MzUwLmRlZmF1bHRfaW1hZ2UifQ&_nc_ht=scontent-ssn1-1.cdninstagram.com&_nc_cat=101&_nc_oc=Q6cZ2QG1JT-HGd1FDGksfAANE0wGLKDvWIgxjFFWPG33XnGFjTsrchvFViC_YObuDZ4y41k&_nc_ohc=6QRX9DQNWDIQ7kNvwF12Ohc&_nc_gid=t18cjZbCV8Wh3hFsJH4caA&edm=ABmJApABAAAA&ccb=7-5&ig_cache_key=MzQ1OTIwNDUxNTE1NTE0MTIwNw%3D%3D.3-ccb7-5&oh=00_AfK9UdcAk7My15UnQgvFWeIjLqhZV_GpXSt-KPg3fbyDrQ&oe=68213498&_nc_sid=b41fef,
3458451800418393919,61591524705,2024-09-16 15:13:23+00:00,1,3,11,인천요가,C_-45a8v58_,https://scontent-ssn1-1.cdninstagram.com/v/t51.29350-15/460264050_1032626361744817_7184577559374511269_n.jpg?stp=dst-jpg_e15_tt6&efg=eyJ2ZW5jb2RlX3RhZyI6IkZFRUQuaW1hZ2VfdXJsZ2VuLjEwODB4MTA4MC5zZHIuZjI5MzUwLmRlZmF1bHRfaW1hZ2UifQ&_nc_ht=scontent-ssn1-1.cdninstagram.com&_nc_cat=101&_nc_oc=Q6cZ2QG1JT-HGd1FDGksfAANE0wGLKDvWIgxjFFWPG33XnGFjTsrchvFViC_YObuDZ4y41k&_nc_ohc=TOk7D2mGlzQQ7kNvwEe_4bt&_nc_gid=t18cjZbCV8Wh3hFsJH4caA&edm=ABmJApABAAAA&ccb=7-5&ig_cache_key=MzQ1ODQ1MTgwMDQxODM5MzkxOQ%3D%3D.3-ccb7-5&oh=00_AfKu_aJRBwB23MBPxPIWYgVyCqg9_3LxrvpkTuR8ul3rHg&oe=68216219&_nc_sid=b41fef,
3457739174663156392,61591524705,2024-09-15 15:37:32+00:00,1,0,0,,C_8W3Wfv_Ko,https://scontent-ssn1-1.cdninstagram.com/v/t51.29350-15/460105380_1635255123873187_9003518654481059983_n.jpg?stp=dst-jpg_e15_tt6&efg=eyJ2ZW5jb2RlX3RhZyI6IkZFRUQuaW1hZ2VfdXJsZ2VuLjEwODB4MTA4MC5zZHIuZjI5MzUwLmRlZmF1bHRfaW1hZ2UifQ&_nc_ht=scontent-ssn1-1.cdninstagram.com&_nc_cat=107&_nc_oc=Q6cZ2QG1JT-HGd1FDGksfAANE0wGLKDvWIgxjFFWPG33XnGFjTsrchvFViC_YObuDZ4y41k&_nc_ohc=M7GyKBQI1j4Q7kNvwHmxucl&_nc_gid=t18cjZbCV8Wh3hFsJH4caA&edm=ABmJApABAAAA&ccb=7-5&ig_cache_key=MzQ1NzczOTE3NDY2MzE1NjM5Mg%3D%3D.3-ccb7-5&oh=00_AfL6GO0HmXr6eYXw2BZUowFcnf3OCLSm6N3vjA14OH1m7w&oe=68215FC4&_nc_sid=b41fef,
3556705284120203784,72070592944,2025-01-30 04:49:43+00:00,2,9563,74,🫶#다이소에서 꼭 사와!!템🫶  큰 다이소에 갔더니 화장품이 너어무 많이 재고가 있더라구요..🫢 1시간 내내 초집중해서 쇼핑했답니댜..🤍  특히 브러시는 제가 쟁여둘 정도로 많이 써서 너무 강추템이에요!! 가격도 저렴하니 꼭 한 번 써보셔요들..🩷  세뱃돈도 두둑히 받았는데 당장 다이소로 달려가서 겟해오자구요⭐️🧡⭐️  #다이소#다이소꿀템#다이소추천템#다이소신상#딘토#파우더#워시오프팩#브러쉬#브러쉬추천#꿀템#다이소추천#화장품#화장품추천#화잘먹#파우치템#beauty#daiso,DFb9JyWvVII,https://scontent-ssn1-1.cdninstagram.com/v/t51.71878-15/474989109_987861690059832_8347854478384445290_n.jpg?stp=dst-jpg_e15_p360x360_tt6&_nc_cat=110&ig_cache_key=MzU1NjcwNTI4NDEyMDIwMzc4NA%3D%3D.3-ccb7-5&ccb=7-5&_nc_sid=58cdad&_nc_ohc=IL916J8WSqwQ7kNvwGyhngH&_nc_oc=AdnDxND3fEGYXfuuAx7VKxmc-9cdjCxZTeQ8C8ARqmobf4b2rb05jkC4c02u9100t3U&_nc_ad=z-m&_nc_cid=0&_nc_zt=23&_nc_ht=scontent-ssn1-1.cdninstagram.com&_nc_gid=2ebCSnhsldNkcRIUAzzgXw&oh=00_AfJeKqs4oKVrASkljHsXS9XrcS24L3uZxyk8n-2YY6qCvQ&oe=68214905,https://scontent-ssn1-1.cdninstagram.com/o1/v/t2/f2/m86/AQOfXWSL8oUFYglh7KMOumjuT4lT1UkXUs5t12vNn9mPUse96HUdVuxx7Vdr6HW9Bq-V3qIjxl_eMirbiyC10PTZjfTdQdy0PZSmTGI.mp4?_nc_cat=105&_nc_sid=5e9851&_nc_ht=scontent-ssn1-1.cdninstagram.com&_nc_ohc=w1b8L-YPBlsQ7kNvwG5VHDV&efg=eyJ2ZW5jb2RlX3RhZyI6Inhwdl9wcm9ncmVzc2l2ZS5JTlNUQUdSQU0uQ0xJUFMuQzMuNzIwLmRhc2hfYmFzZWxpbmVfMV92MSIsInhwdl9hc3NldF9pZCI6OTEyNzUyNDA3NjkwMjg1LCJ2aV91c2VjYXNlX2lkIjoxMDA5OSwiZHVyYXRpb25fcyI6NDMsInVybGdlbl9zb3VyY2UiOiJ3d3cifQ%3D%3D&ccb=17-1&vs=81a8fe0a470700bb&_nc_vs=HBksFQIYUmlnX3hwdl9yZWVsc19wZXJtYW5lbnRfc3JfcHJvZC9COTRBODQ1OUQ5OTNCMzRGREE1ODgxQjkwMzM0QjA4Nl92aWRlb19kYXNoaW5pdC5tcDQVAALIAQAVAhg6cGFzc3Rocm91Z2hfZXZlcnN0b3JlL0dENjNWUnpCTkxLTllzb0VBQmF5b2dDeE9yOWticV9FQUFBRhUCAsgBACgAGAAbAogHdXNlX29pbAExEnByb2dyZXNzaXZlX3JlY2lwZQExFQAAJtrwubCXiZ8DFQIoAkMzLBdARfMzMzMzMxgSZGFzaF9iYXNlbGluZV8xX3YxEQB1_gdl5p0BAA&_nc_zt=28&oh=00_AfJgWLLaewp19FqrLTqhaF62Kh6gSnngEuDcBE45FuPj8A&oe=681D5A0A
3622662969663203523,72070592944,2025-05-01 04:51:40+00:00,8,75,45,"오늘 소개해드릴 제품은 #데이지크 쥬시 듀이 글로우 틴트입니당💖  출시된다는 소식 듣고 가슴이 벌렁거려서 알림까지 맞춰놓고 구매했는데요..⭐️ 우선 광택이 뒤집어지게 예뻐요.. 입술에 발라보면 탱글광택이 진짜 예쁘담미다🌸  웜톤은 1+2번 조합, 쿨톤은 8+9번 조합 추천드려요!!!  🌷여기까지 보신 분들을 위한 미니미 #이벤트 ..🌷 (추첨결과 스토리로 발표!!) - 수수한 계정 팔로우, 해당 게시물 스토리 공유해주시고 댓글에 참여완료 달면 끝!! - 데이지크 미니 쥬시 듀이글로우 틴트 1,8,9호를 1분께 선물로 드릴게요💖💖(공정성을 위해 챗지피티한테 뽑아달라구 할게요ㅋㅋㅋ) - 특히 1,8호 컬러 지인짜 예뻐서 꼭 받아가세요..🙌 - 5/3까지 참여가능해요!!✨  ———- #데이지크 #데이지크틴트 #틴트 #올리브영 #올리브영추천 #색조 #틴트추천 #화장품 #코덕",DJGSMb3vKjD,,
3602639200895052387,72070592944,2025-04-03 13:48:01+00:00,8,85,27,너어무 예쁜 @lovefleur.official 포지블러 틴트 말아가지고 왔습니다아🩷🌸  벚꽃구경하러 갈때 발라주면 그냥 내 입술이 제일 예뻐보일 수 있는 그런 컬러들인데요🩰  핀터레스트 발레코어 느낌낭낭한 컬러들이라서 활용도도 좋고 뽀용수채화립 맨들어주는 립이랍니다🤍  제가 바른 컬러는 발레리나🩰 + 레이스🌸 컬러인데요!! 지난 번에 출시됐던 피오니 듀 글로우 틴트랑도 찰떡콩조합이라는고..🩷  #내돈내산 찐추천템이구요!! 이건 전색상 다 쟁이세요.. 5개 세트 구매 시 증정해주셨던 모브플럼 미쳐벌이는 색감🍇  아무리 블러블러하게 예쁘게 잘 발린다고는 하지만 무작정 각질 많은 입술에 올리묜 당연히!! 각질 부각 되기때문에 정리 잘 하시구 바르면 더더 뽀용하게 예뿌게 발림미다아💕 . . . .  #틴트 #화장품 #틴트립 #블러립 #립 #립추천 #추천템 #러플 #화장품리뷰 #코덕 #뷰티 #뷰티팁 #fyp #makeup #beauty #beautytrend #코덕맞팔 #뷰티꿀팁 #파우치템 #데일리립,DH_JUP_Pypj,,
3626380797927106532,72070592944,2025-05-06 07:58:20+00:00,8,49,30,"#제품제공 @banilaco_official 오늘 소개해드릴 제품은 #바닐라코 볼륨 립 플럼퍼임미다🩷🎀  마지막 사진에서 보이는 것처럼.. 효과가 진짜 대박이에요😂 (아직도 입술이 얼얼한 느낌ㅋㅋㅋㅋ) 한 5분 바르고있었는데 저는 입술고통을 잘 참지 못해서..완전 후끈후끈 불어나는 느낌이 실시간으로 들었답니다..?😶‍🌫️  🎀 바닐라코 볼륨 립 플럼퍼는 ‘안심 플럼핑 성분’인 EWG 1등급원료와 지모뿌리추출물이 들어가서 안심하고 사용가능해요!!  🎀 MAXI는 많이 화한 느낌이라서 강한 자극감이 있어도 확실한 볼륨감을 원하시는 고수분들이 쓰셔야 할 것 같더라구요😂  🎀 5/1 올리브영에 볼륨 립 플럼퍼가 런칭되었다고해요!! - 입술 빵빵하게 키우고싶으신 분들 주목🩷 - 웜쿨톤 상관없이 모두가 어울리는 맥시애플, 버니 컬러로 입술에 화사함까지 덤으로 예뻐지세요🌸  -------- #banilaco #버디즈2기 #틴트 #립플럼퍼 #올리브영 #립오일 #플럼퍼추천 #볼륨립 #lipplumper #lipmakeup #dailymakeuplook #코덕",DJTfh9Qvifk,,
3626307536732085045,72070592944,2025-05-06 05:40:54+00:00,2,40,22,#제품협찬 #프로머3기 @imfrom_official  오늘 소개해드릴 제품은 #아임프롬 #머그워트 에센스와 크림이에요!!🌿🌿  햇빛 쨍쨍한 곳에 오래 있거나 너무 더우면 피부 온도가 확 올라가서 붉어질 때도 많은데요😂🥲🥹 그럴 때 써주기 너무 좋은 기초제품이랍니다💚  전 이번 연휴에 여행 다녀왔을 때도 이 제품 꾸준히 발라줬는데요!! (너무 걸어다녀서 얼굴에 자극이 대박적이었던..🥹) 피지 조절도 잘 돼서 그런지 피부 상태 너무 좋았어서 화장도 더 잘먹는 듯한 기분이었어요👍✨  강화약쑥 뿌리부터 꾹꾹 우려낸 고농축 강화 약쑥이 한 병에 통째로 들어갔다니..🌿 벌써부터 진정 효과 대박일 것 같지 않나요..🙌 ⭐️특히⭐️ 머그워트 에센스와 크림을 함께 사용해주면 ‘12배의 진정 효과‘가 있다고 하니 꼬옥 세트로 써주긔..💚  다가올 여름에 데일리로 써주기 너무 좋을 이 에센스와 크림!! 아임프롬 공홈에서 만나볼 수 있담미다🌿👍  ——— #에센스 #에센스추천 #스킨케어 #기초케어 #쿨링케어 #쿨링 #진정 #진정크림 #피부진정 #수분진정 #트러블진정 #트러블 #화잘먹,DJTO33dPNs1,https://scontent-ssn1-1.cdninstagram.com/v/t51.75761-15/495700326_17861950758400945_7049389147238634204_n.jpg?stp=dst-jpg_e15_s640x640_tt6&_nc_cat=111&ig_cache_key=MzYyNjMwNzUzNjczMjA4NTA0NQ%3D%3D.3-ccb7-5&ccb=7-5&_nc_sid=58cdad&_nc_ohc=1_7-ednsR1sQ7kNvwGqwh_l&_nc_oc=AdnAmlzFgynwGqr84HTSXfomhfOHuJSugo6BQ2Y7xZLJCDMNih13XB2RPioAP407N-0&_nc_ad=z-m&_nc_cid=0&_nc_zt=23&_nc_ht=scontent-ssn1-1.cdninstagram.com&_nc_gid=2ebCSnhsldNkcRIUAzzgXw&oh=00_AfIPUKYBhefVr1nZ58OFMSC9upcxUHoc1FOmAGxgwosXkA&oe=68213FE3,https://scontent-ssn1-1.cdninstagram.com/o1/v/t2/f2/m86/AQM8u4m89lwUc9L5YNoYVWCN5n_UEhT6-pP8I4NoCSyg8FZnXKZP0jTVvWUipzCisFdrcVDTfHHpb-w1QQDTVW-3WZ2BnYfVKOFEWFs.mp4?_nc_cat=107&_nc_sid=5e9851&_nc_ht=scontent-ssn1-1.cdninstagram.com&_nc_ohc=IEWaWx7VEUUQ7kNvwF86afz&efg=eyJ2ZW5jb2RlX3RhZyI6Inhwdl9wcm9ncmVzc2l2ZS5JTlNUQUdSQU0uQ0xJUFMuQzMuNzIwLmRhc2hfYmFzZWxpbmVfMV92MSIsInhwdl9hc3NldF9pZCI6NTU3OTEyMTgwMzAwNzE5LCJ2aV91c2VjYXNlX2lkIjoxMDA5OSwiZHVyYXRpb25fcyI6MjQsInVybGdlbl9zb3VyY2UiOiJ3d3cifQ%3D%3D&ccb=17-1&vs=951ce7046ea7cf01&_nc_vs=HBksFQIYUmlnX3hwdl9yZWVsc19wZXJtYW5lbnRfc3JfcHJvZC9DRDQ3OEFEODU1OEFCQjUzQjQwQ0I5MTZCRkUyREU4RF92aWRlb19kYXNoaW5pdC5tcDQVAALIAQAVAhg6cGFzc3Rocm91Z2hfZXZlcnN0b3JlL0dMZEhTQjFCRkc0LTJYZ0RBT1ZUQk9QVkxFeHBicV9FQUFBRhUCAsgBACgAGAAbAogHdXNlX29pbAExEnByb2dyZXNzaXZlX3JlY2lwZQExFQAAJt7ulNXh2v0BFQIoAkMzLBdAOF2yLQ5WBBgSZGFzaF9iYXNlbGluZV8xX3YxEQB1_gdl5p0BAA&_nc_zt=28&oh=00_AfJWgwjqS0huNcT64KUASn8e8Xiyj3Jc8wQiHwTiTun-0g&oe=681D4C34
3624724050720832351,72070592944,2025-05-04 01:11:02+00:00,2,98,45,오늘은 제가 찐으로 애정하는  #마스크팩 4대장 들고왔어요!!🙌🤍  여행 갈 때도 꼭 몇 개씩 쟁여가는 템들이람미다..🌸 #올리브영 에서도 판매하니까 세일할 때 왕창 쟁여보시는거 어떠세용?!🙌✨✨  ——- #올영 #기초케어 #피부 #피부관리 #피부케어 #여드름 #진정 #수분 #비타민 #티트리 #미백 #메디힐 #aroh #넘버즈인 #더마토리,DJNm1HMB7tf,https://scontent-ssn1-1.cdninstagram.com/v/t51.2885-15/495196623_17861667000400945_1818652242798138655_n.jpg?stp=dst-jpg_e15_p360x360_tt6&efg=eyJ2ZW5jb2RlX3RhZyI6IkNMSVBTLmltYWdlX3VybGdlbi43MjB4MTI4MC5zZHIuZjc1NzYxLmRlZmF1bHRfY292ZXJfZnJhbWUifQ&_nc_ht=scontent-ssn1-1.cdninstagram.com&_nc_cat=101&_nc_oc=Q6cZ2QGTNlA2XJMTZwRqDeb3my1onXI9yZs1JfO3Pob2pABS5CKYIV8XgkPguX3aYLSi-uY&_nc_ohc=4DU4dxnoW0MQ7kNvwEq37JM&_nc_gid=2ebCSnhsldNkcRIUAzzgXw&edm=ABmJApABAAAA&ccb=7-5&ig_cache_key=MzYyNDcyNDA1MDcyMDgzMjM1MQ%3D%3D.3-ccb7-5&oh=00_AfKkZPbdDCsAvfUZaih-eaPRBMOlg73_VzpZeuHSm0_pxA&oe=682147C9&_nc_sid=b41fef,https://scontent-ssn1-1.cdninstagram.com/o1/v/t2/f2/m86/AQN7aGBwIioNjeGA-dH1fXEF8f-Cf4RTuGzHRHbWAiOESD7EAt1Q22Z3b04zC7_GAZaDfg-ALNb3SV-zAbwGgmCocEYbvQv3uJd9a50.mp4?_nc_cat=105&_nc_sid=5e9851&_nc_ht=scontent-ssn1-1.cdninstagram.com&_nc_ohc=0VXnYgWclIkQ7kNvwHK79Nw&efg=eyJ2ZW5jb2RlX3RhZyI6Inhwdl9wcm9ncmVzc2l2ZS5JTlNUQUdSQU0uQ0xJUFMuQzMuNzIwLmRhc2hfYmFzZWxpbmVfMV92MSIsInhwdl9hc3NldF9pZCI6MjMyMjQwMzE1NDgxMTA3OCwidmlfdXNlY2FzZV9pZCI6MTAwOTksImR1cmF0aW9uX3MiOjM0LCJ1cmxnZW5fc291cmNlIjoid3d3In0%3D&ccb=17-1&vs=633fe96bd1dcfded&_nc_vs=HBksFQIYUmlnX3hwdl9yZWVsc19wZXJtYW5lbnRfc3JfcHJvZC9GRTQ1NjY5MkZGM0VDMDZCQUQ2RDFBNzhFMDNGRjhBOF92aWRlb19kYXNoaW5pdC5tcDQVAALIAQAVAhg6cGFzc3Rocm91Z2hfZXZlcnN0b3JlL0dMTzloeDJKTnRHLUxGb0NBTjRtQ0pQZTh0SnNicV9FQUFBRhUCAsgBACgAGAAbAogHdXNlX29pbAExEnByb2dyZXNzaXZlX3JlY2lwZQExFQAAJozjivHTjaAIFQIoAkMzLBdAQWIMSbpeNRgSZGFzaF9iYXNlbGluZV8xX3YxEQB1_gdl5p0BAA&_nc_zt=28&oh=00_AfKaQDYShgZhtsJM97MRqIGIqCJ_qCwfgfMD7DRO8_znfw&oe=681D6C22
3624164471682669582,72070592944,2025-05-03 06:37:43+00:00,2,68,32,"⭐️영상 속 정리함 정보⭐️  📍해당 제품들 링크 찾기 귀찮으신 분들 댓글에 ‘링크‘라고 달아주시면 디엠으로 링크 보내드릴게용🧚  1. 쿠팡 특대형 명품 신발 가방보관함 투명 아크릴 가방정리함, S+칸막이 (13,790원)  2. 쿠팡 맑음충전소 업그레이드버전 원터치 조립형 매니큐어 진열대 젤네일 매니큐어 보관함 7단 (9,800원)  3. 무지 폴리프로필렌 케이스ㆍ서랍식ㆍ가로와이드ㆍ얕은형 (19,900원)  4. 다이소 라탄 소품 정리함 1호 (1,000원)  5. 다이소 클리어정리함 5호 (1,000원)  ———— #화장품 #정리함 #다이소 #쿠팡 #정리템 #화장대 #코덕",DJLnmKmPJwO,https://scontent-ssn1-1.cdninstagram.com/v/t51.2885-15/495359079_17861561484400945_6154465607186284928_n.jpg?stp=dst-jpg_e15_p360x360_tt6&efg=eyJ2ZW5jb2RlX3RhZyI6IkNMSVBTLmltYWdlX3VybGdlbi43MjB4MTI4MC5zZHIuZjc1NzYxLmRlZmF1bHRfY292ZXJfZnJhbWUifQ&_nc_ht=scontent-ssn1-1.cdninstagram.com&_nc_cat=101&_nc_oc=Q6cZ2QGTNlA2XJMTZwRqDeb3my1onXI9yZs1JfO3Pob2pABS5CKYIV8XgkPguX3aYLSi-uY&_nc_ohc=KZORydM_DxsQ7kNvwHr5oH3&_nc_gid=2ebCSnhsldNkcRIUAzzgXw&edm=ABmJApABAAAA&ccb=7-5&ig_cache_key=MzYyNDE2NDQ3MTY4MjY2OTU4Mg%3D%3D.3-ccb7-5&oh=00_AfLDoz3LRyvg_xWHqBHg3jq6LhVkDF3AO4EJEMfadOjOMA&oe=682146F4&_nc_sid=b41fef,https://scontent-ssn1-1.cdninstagram.com/o1/v/t2/f2/m86/AQNUzXthQxmeupe2t1O2-UTcEfr3e3_0FTfxfJ9qwm8WHJHdHq1tzAQ9RmqD_DJ-sAcVF7aEn0Be8qgWvc4RazhPaMD3QnB3uNu6ibg.mp4?_nc_cat=107&_nc_sid=5e9851&_nc_ht=scontent-ssn1-1.cdninstagram.com&_nc_ohc=kdHyvEflRpEQ7kNvwEzTNKn&efg=eyJ2ZW5jb2RlX3RhZyI6Inhwdl9wcm9ncmVzc2l2ZS5JTlNUQUdSQU0uQ0xJUFMuQzMuNzIwLmRhc2hfYmFzZWxpbmVfMV92MSIsInhwdl9hc3NldF9pZCI6MjkwMjY2NDc0MzIzOTI2MiwidmlfdXNlY2FzZV9pZCI6MTAwOTksImR1cmF0aW9uX3MiOjI3LCJ1cmxnZW5fc291cmNlIjoid3d3In0%3D&ccb=17-1&vs=124edda6c5c0748b&_nc_vs=HBksFQIYUmlnX3hwdl9yZWVsc19wZXJtYW5lbnRfc3JfcHJvZC9DRTRBNUFBRUMxNTY0QjQxMTVGMUMwMzAzOEE1RDdCMl92aWRlb19kYXNoaW5pdC5tcDQVAALIAQAVAhg6cGFzc3Rocm91Z2hfZXZlcnN0b3JlL0dMTjhTQjNEZDJoMkp1TUhBTVpGVEdSZS03UkFicV9FQUFBRhUCAsgBACgAGAAbAogHdXNlX29pbAExEnByb2dyZXNzaXZlX3JlY2lwZQExFQAAJrz54c6p_acKFQIoAkMzLBdAOxmZmZmZmhgSZGFzaF9iYXNlbGluZV8xX3YxEQB1_gdl5p0BAA&_nc_zt=28&oh=00_AfKynAaGe8NwgH5-2j_VQMmzqczTyVkUadMaMOntNyb46g&oe=681D54E0
3623563849279271577,72070592944,2025-05-02 10:41:33+00:00,8,44,28,"#제품제공 @athanbe_official 머릿결이 부들부들해야 더 예뻐보이는거 아시죠?!  집에서 셀프 염색도 많이 하고 ⭐️특히⭐️ 전 중단발이어서 고데기 필수거든요😂 머리 개털되기 전에 좋은 헤어제품 없나 떠돌고있던 와중에..  실제로 사용해보고 너무 맘에 들었던 이 제품 소개해드릴게요!!  💛 포밍 트리트먼트는 화해 1등 제품으로 ‘씻어내지 않아도 되는’ 3초 헤어팩이에요!(젖은 머리에) 노워시라서 너무 좋았는데 부드러운 거품도 나오니까 바를 때 기분이 너무 좋더라구요ㅋㅋ  💛 골든타임 에센스는 4-5번 펌핑하고 사용해줘도 떡지거나 무겁게 발리는 느낌이 아니라서 너무 마음에 들었어요!  스타일링 후에 발라주면 머리가 차분해지면서 윤기가 나더라구요🫧  사진에서 6번째가 트리트먼트 해주고 머리 말렸을 때이고, 7번째가 안해주고 말린 후인데 차이 쩔지 않나여... 7번째는 안발라주고 말렸더니 완죤 개털같음..ㅋㅋㅋ  이 두 가지는 🌸짝꿍템🌸이라서 함께 써줘야 효과가 훠얼씬 좋다는거!!!  ------  ⭐️또 한 가지 좋은 소식!!⭐️ 어덴비가 드디어 카카오톡 선물하기에 입점했어요🫧🤍 ‘5/2(금)부터’ 카카오톡 선물하기에서 단독 구성으로 만나볼 수 있어요! 언제 어디서든 간편하게 특별한 어덴비를 선물하세요🎁 소중한 사람에게 어덴비의 따뜻함을 전해보세요💌  어제보다 더 나은 머릿결을 위해 오늘도 어덴비하세요🖤  #어덴비 #athanbe #포밍트리트먼트 #3초트리트먼트 #노워시트리트먼트 #골든타임에센스 #헤어에센스 #헤어템 #헤어",DJJfB9ZPPKZ,,
3622845951082678451,72070592944,2025-05-01 11:02:36+00:00,2,59,34,"#광고 @aprilskin_korea 블랙헤드 많아서 짝남, 남친이랑 대화할 때 가끔 신경쓰였던 적 있으셨나요..?! 관리 직전까지는 저도 너무 옆에 붙어서 남친이랑 대화하면 좀 부끄러웠는데요😂  이 클렌저로 고민되는 부위 롤링 열심히 해주고 간단한 스팀홈케어로 동시 관리해줬더니 정말 많이 나아졌어요!!  특히⭐️ 이 클렌저로 꾸준히 세안해주니까 피부가 맑아보이더라구요!! 심지어 저희 엄마아빠가 왜이렇게 오늘 창백하냐고 하셨음ㅋㅋㅋㅋ  칙칙한 피부, 블랙헤드 고민되셨던 분들 올리브영에도 해당 제품 판매 중이니까 같이 써보자구요💖  ———- #올리브영 #에이프릴스킨 #txa딥클렌저 #클렌징폼 #폼클렌저 #올영추천템 #블랙헤드 #블랙헤드케어 #세안 #찐후기 #노필터",DJG7zKmPsiz,https://scontent-ssn1-1.cdninstagram.com/v/t51.75761-15/491431501_17861320122400945_3522417214661465784_n.jpg?stp=dst-jpg_e15_s640x640_tt6&_nc_cat=111&ig_cache_key=MzYyMjg0NTk1MTA4MjY3ODQ1MQ%3D%3D.3-ccb7-5&ccb=7-5&_nc_sid=58cdad&_nc_ohc=m8Nj4k9fm0kQ7kNvwEsQe9-&_nc_oc=AdmZVZl9d0AdlBMZh3S3e-WchaB9qjSctxa-tqiAqAE92wM_cXVjD8zb4j9pNHH2H8E&_nc_ad=z-m&_nc_cid=0&_nc_zt=23&_nc_ht=scontent-ssn1-1.cdninstagram.com&_nc_gid=2ebCSnhsldNkcRIUAzzgXw&oh=00_AfKZxEhs3HKFVBM5IqDNLDRqsml5LIj-2R-My8an6o_KUQ&oe=6821612C,https://scontent-ssn1-1.cdninstagram.com/o1/v/t2/f2/m86/AQNf1kAckNZBnFQMGnLLrk8fHoNFv2zpz_Bc_6vYPrT5O86muibdg9V9q99Y1gAa3qs1mVczxYZkqTian5GSm6R7p7bgf4KosRPsbHc.mp4?_nc_cat=111&_nc_sid=5e9851&_nc_ht=scontent-ssn1-1.cdninstagram.com&_nc_ohc=GVxQ2BMWZHwQ7kNvwEKwh0f&efg=eyJ2ZW5jb2RlX3RhZyI6Inhwdl9wcm9ncmVzc2l2ZS5JTlNUQUdSQU0uQ0xJUFMuQzMuNzIwLmRhc2hfYmFzZWxpbmVfMV92MSIsInhwdl9hc3NldF9pZCI6Njc4MjIzNDkxNjExOTczLCJ2aV91c2VjYXNlX2lkIjoxMDA5OSwiZHVyYXRpb25fcyI6MjEsInVybGdlbl9zb3VyY2UiOiJ3d3cifQ%3D%3D&ccb=17-1&vs=be3e54d4550dd850&_nc_vs=HBksFQIYUmlnX3hwdl9yZWVsc19wZXJtYW5lbnRfc3JfcHJvZC83OTRDNTExQTZGM0M1NTNBNUVERDNGMjFDREQxQjVBMF92aWRlb19kYXNoaW5pdC5tcDQVAALIAQAVAhg6cGFzc3Rocm91Z2hfZXZlcnN0b3JlL0dCVG1lUjAtNUhybWpzMEVBUHg2bTNnaVl3ZElicV9FQUFBRhUCAsgBACgAGAAbAogHdXNlX29pbAExEnByb2dyZXNzaXZlX3JlY2lwZQExFQAAJor13eTmtbQCFQIoAkMzLBdANbDlYEGJNxgSZGFzaF9iYXNlbGluZV8xX3YxEQB1_gdl5p0BAA&_nc_zt=28&oh=00_AfKlgujyAtCEal2K1e46a0rKitCsghLf5NhUs9NFDLKKMg&oe=681D5EB0
3622119001242360499,72070592944,2025-04-30 10:56:58+00:00,2,74,35,#제품제공 📍해당 제품 궁금하시다면 댓글에 ‘뉴트럴팔레트‘를 남겨주세요! 제품 정보와 실시간 최저가 링크 바로 공유해드릴게요♥️📍 (팔로우 후 댓글 남겨주셔야 오류없이 발송됩니다🌼)  오늘 소개해드릴 제품은 로즈빛 뿜뿜한 뉴트럴톤 팔레트예요!!  요즘 같은 날씨에 너어무 잘 어울릴 컬러랍니다..💖  특히!! ⭐️블러셔로⭐️ 써줬을 때 넘 뽀용하니 예쁘더라구요 후 펄도 너무 예뻐서 눈 앞머리나 애굣살 메컵할 때 무조건 써주고있담미다🙌  항상 팔레트 쓰면 어중간하게 컬러가 안맞는다고 생각하셨던 분들 이거 꼬옥 써보세요!!!🌸  ————- #섀도우팔레트 #뉴트럴팔레트 #뉴트럴톤 #뉴트럴메이크업 #메이크업 #아이섀도우 #아이섀도우추천 #올리브영 #팔레트추천 #grwm,DJEWgpzPlqz,https://scontent-ssn1-1.cdninstagram.com/v/t51.2885-15/491434145_17861190891400945_4692759375038404734_n.jpg?stp=dst-jpg_e15_p360x360_tt6&efg=eyJ2ZW5jb2RlX3RhZyI6IkNMSVBTLmltYWdlX3VybGdlbi43MjB4MTI4MC5zZHIuZjc1NzYxLmRlZmF1bHRfY292ZXJfZnJhbWUifQ&_nc_ht=scontent-ssn1-1.cdninstagram.com&_nc_cat=101&_nc_oc=Q6cZ2QGTNlA2XJMTZwRqDeb3my1onXI9yZs1JfO3Pob2pABS5CKYIV8XgkPguX3aYLSi-uY&_nc_ohc=hFvrwhEQwioQ7kNvwHbHEgV&_nc_gid=2ebCSnhsldNkcRIUAzzgXw&edm=ABmJApABAAAA&ccb=7-5&ig_cache_key=MzYyMjExOTAwMTI0MjM2MDQ5OQ%3D%3D.3-ccb7-5&oh=00_AfL4vvn7LHtjF9nXK2_jEChQHsI7XREsU-P42V8OSrAi_g&oe=68214FAF&_nc_sid=b41fef,https://scontent-ssn1-1.cdninstagram.com/o1/v/t2/f2/m86/AQNFsFVHgU5XFQ51Y-yDfjE5Qb6OIBV0qTjWV4krwnAm0EqNWa9g6DqDHviYue9TUy4iaF9nFrXxJVSuDClI0J47UVtQQIN-HqoUIpI.mp4?_nc_cat=109&_nc_sid=5e9851&_nc_ht=scontent-ssn1-1.cdninstagram.com&_nc_ohc=P7dIvEqn8VcQ7kNvwEIBdC4&efg=eyJ2ZW5jb2RlX3RhZyI6Inhwdl9wcm9ncmVzc2l2ZS5JTlNUQUdSQU0uQ0xJUFMuQzMuNzIwLmRhc2hfYmFzZWxpbmVfMV92MSIsInhwdl9hc3NldF9pZCI6MTMyOTIyNjUxODM1NjE3NCwidmlfdXNlY2FzZV9pZCI6MTAwOTksImR1cmF0aW9uX3MiOjI0LCJ1cmxnZW5fc291cmNlIjoid3d3In0%3D&ccb=17-1&vs=a0d143918dc1fb43&_nc_vs=HBksFQIYUmlnX3hwdl9yZWVsc19wZXJtYW5lbnRfc3JfcHJvZC9CMjQ3NDhCODY0ODNERUVERjA1NUUxRDY1MkMzODlCN192aWRlb19kYXNoaW5pdC5tcDQVAALIAQAVAhg6cGFzc3Rocm91Z2hfZXZlcnN0b3JlL0dIdnVkQjFBRTdYLV9Tb0NBRkxHZWZrd0hEQk5icV9FQUFBRhUCAsgBACgAGAAbAogHdXNlX29pbAExEnByb2dyZXNzaXZlX3JlY2lwZQExFQAAJpyDn6eVu9wEFQIoAkMzLBdAODMzMzMzMxgSZGFzaF9iYXNlbGluZV8xX3YxEQB1_gdl5p0BAA&_nc_zt=28&oh=00_AfItnK92JgZNBb8TDhSIJOwq3_9akLn6Xe4irwADt055SQ&oe=681D4F96
3570712801758157095,69514293287,2025-02-18 12:35:58+00:00,8,3,0,✶ 요네트의 보석함 백선호 (@200sunho)  늦어서 죄송합니다. 하지만 용서가 되는 금주의 느좋남. 배우 백선호를 소개합니다.  2003년 청량한 여름에 태어난 키 185cm 소유자. 흔치않은 심장을 후벼파는 여우상 배우님 🦊.  여우상에 청량함은 너무 사기 아닌가요.. 이미 요네트는 빠져벌임..🤫 다음 작품만 기다리게되.  📸 | @200sunho  #요네트의_보석함#백선호#배우#느좋남#웹매거진#매거진#패션매거진#뮤직매거진#추천#느좋,DGNuF_vvBkn,,
3571969618249487473,69514293287,2025-02-20 06:13:02+00:00,8,3,1,전소니(@somewheregreeny)랑 이준영(@real_2junyoung) 때문에 백만년만에 도지는 병. . ‘서브병‘..🤒 멜로무비에서 7년 사귄 연인으로 나오는 그들의 사랑 형태에 정신 못 차리는 사람 다 나와🫨  📸 | @somewheregreeny  #웹매거진#패션매거진#뮤직매거진#멜로무비#전소니#이준영#넷플릭스#박보영#최우식#fyp#추천#트렌드#매거지#magazine,DGSL3FUP5Rx,,
3571902912978067001,69514293287,2025-02-20 04:00:30+00:00,8,3,0,"카리나도(katarinabluu) 메는 5만원대 이하로 낋여온 새내기 백팩 모음 🎒  ✶ NOIAGO | NOI1388 나일론 데일리 백팩 (라이트그레이) 💲49,800원  ✶애프터눈라이브 Classic Backpack (Midnight Blue) 💲37,800원  ✶잔스포츠 슈퍼브레이크 BLACK 💲 45,900원  ✶ WAIKEI 하프 스트링 나일론 백팩 그레이 💲22,500원  ✶ NYXX MIDST DIVISION BAGPACK CHARCOAL 💲51,600원  📸 | @katarinabluu #웹매거진#패션매거진#뮤직매거진#백팩#백팩추천#카리나#카리나백팩#가방#대학생#학생가방추천#fyp#패션#아이템",DGR8sZMPZ45,,
3564258028730047311,69514293287,2025-02-09 14:51:29+00:00,8,3,0,"다락방같은 카페 에디터가 가져와봤습니다. 에디터 pick 음료는 말차쇼콜레 강추합니다🍵. 공부, 작업하기 좋은 공간이라 못참고 바로 노트북 펼쳤답니다..🤤   ✶ 신림다락  서울 관악구 신림로 125 B1, 1F (서울대벤처타운 역 2번 출구에서 206m) 운영시간 : 매일 11:30-22:00 (21:30 라스트오더) 에디터 pick 드링크. 에디터 H. 말차쇼콜라(I, 4,800원) | ⭐️ 4.8 에디터 E.  로얄밀크티(H️, 4,500원) | ⭐️ 4.0  #웹매거진#패션매거진#뮤직매거진#푸드매거진#F&B#추천#릴스#피드#추천#카페추천#맛집추천#신림#서울대벤처타운역#신림카페#신림맛집#신림카페추천",DF2ycr6SdtP,,
3563940173030691540,69514293287,2025-02-09 04:19:57+00:00,8,3,4,"조우즈의 끝없는 팬사랑 어쩔건데.. Chill월까지 어케 기다리냐고.. X로 그의 팬사랑 훔쳐보기 👀 💗  📷 | @woodz_dnwm, X @_chowoodz  #웹매거진#패션매거진#뮤직매거진#웹매거진#우즈#조우즈#조승연#7월#제대#woodz#fyp#추천#트렌드#매거지#magazine",DF1qLRuPRLU,,
3563500561577554289,69514293287,2025-02-08 13:46:32+00:00,8,3,0,"사실 내 느좋템 다 에이블리임..*ᴗ ᴗ)⁾⁾♡ 요네트의 숨겨왔던 에이블리템 (눈물 머금꼬)공유...꾸벅  ✶ 모디무드 | 모루 후드 버튼 하이넥 니트 가디건 💲36,380원  ✶ 모디무드 | 고고걸 레오파드 스카프 세트 💲27,550원  ✶ 키미스 | 힙 리벳 징스 스터드 포인트 유넥 올데이 레이어드 티셔츠 💲27,800원  ✶  모디무드 | 체크 나그랑 배색 니트 가디건 💲26,880원  ✶ 미제 | 뮤즈 도트 퍼프 셔링 리본 타이 롱 슬리브 긴팔 티셔츠 💲22,900원  ✶ 모디무드 | 퍼스널 8킬러 준비완료/슬림핏 오프숄더 💲16,620원  #웹매거진#패션매거진#뮤직매거진#에이블리#에이블리템#모디무드#키미스#미제#레오파드#추천#fyp#패션#아이템#메이크업#코디#코디추천",DF0GOFpvDFx,,
3555504182792138766,69514293287,2025-01-28 12:59:09+00:00,8,3,0,"옥씨부인전 도련님 가고, 중증외상센터 양재원 오신다.❤️‍🔥 여자들의 마음을 연달아 훔치러 오신 추영우(@cu.young). 그의 느좋 화보 싹쓰리 해왔습니다.👀💭  📹 | YouTube Netflix  #웹매거진#패션매거진#뮤직매거진#웹매거진#옥씨부인전#추영우#도련님#중증외상센터#양재원#넷플릭스#fyp#추천#트렌드#매거지#magazine",DFXsDdkvbAO,,
3554720008443283561,69514293287,2025-01-27 11:01:08+00:00,8,3,0,"✶ 요네트의 보석함 신혁 (@livhsoo)  요상할 정도로 느좋남만 모아오는 요네트의 보석함, 다섯 번째 주인공은 말랑콩두부 모델 신혁입니다.  웃을 때 함께 광대가 올라가는 것을 껶었다면 조용히 손드십쇼.. 🙋🏻‍♀️  📸 | @livhsoo  #요네트의_보석함#신혁#모델#느좋남#웹매거진#매거진#패션매거진#뮤직매거진#추천#느좋#피드",DFU5wOTPEhp,,
3554570187132674859,69514293287,2025-01-27 06:03:28+00:00,8,3,0,"옥씨 부인전’에서 시청자들 제대로 약올린 소혜 아씨, 실상은 그저 동글동글 귀여운 배우 하율리(@yully_x) (∗❛⌄❛∗)♥. 귀여운 그녀의 일상을 조금 훔쳐 와봤습니다..❤️‍🔥  #웹매거진#패션매거진#뮤직매거진#웹매거진#옥씨부인전#소혜#하율리#fyp#추천#트렌드#매거지#magazine",DFUXsCVPKMr,,
3551631092031109702,69514293287,2025-01-23 04:44:00+00:00,8,3,0,"✶ 요네트의 보석함 네오 노노야마 (@neononoen)  요상할 정도로 느좋남만 모아오는 요네트의 보석함, 네번 째 주인공은 지브리 남주같은 일본 모델 네오 노노야마입니다.  청량한 얼굴의 점은 마치 별 같은 그.  일본에서 활동 중. 한국은 어떠신가요? (사심 가득)  📸 | @neononoen  #요네트의_보석함#네오노노야마#모델#느좋남#웹매거진#매거진#패션매거진#뮤직매거진#추천#느좋",DFJ7aktvzpG,,
3627170407094142690,29849358225,2025-05-07 10:07:09+00:00,8,57,0,참된 직장상사의 자세 . . .  #현웃 #오늘의짤 #오짤 #공감 #회사 #회사공감,DJWTESGp8bi,,
3627109684176775877,29849358225,2025-05-07 08:06:30+00:00,1,179,0,방금 잡은 물꼬기 나죠 . . . #애기 #수달 #졸귀 #세상귀엽네 #동물 #귀여운짤,DJWFQpevGrF,https://scontent-ssn1-1.cdninstagram.com/v/t39.30808-6/496006242_1019071910313980_857816203522827520_n.jpg?se=7&stp=dst-jpg_e35_tt6&efg=eyJ2ZW5jb2RlX3RhZyI6IkZFRUQuaW1hZ2VfdXJsZ2VuLjEwODB4MTA4MC5zZHIuZjMwODA4LmRlZmF1bHRfaW1hZ2UifQ&_nc_ht=scontent-ssn1-1.cdninstagram.com&_nc_cat=108&_nc_oc=Q6cZ2QG_UBOJRtnZW_LvB5V0rkmMlpf_XTIrDcc77hsTACnWYAVYcyaeO-XC9QRMZcin6Ic&_nc_ohc=a4iiR6H1jj8Q7kNvwHYs-9N&_nc_gid=OfkZobX-zox-RZUcaKfZ9Q&edm=ABmJApAAAAAA&ccb=7-5&ig_cache_key=MzYyNzEwOTY4NDE3Njc3NTg3Nw%3D%3D.3-ccb7-5&oh=00_AfL66UMNaShuXpJvtc7tQQHoHyGFT2jMtWh4kMEfN5MrqA&oe=6821461D&_nc_sid=b41fef,
3627049106899591319,29849358225,2025-05-07 06:06:08+00:00,8,79,1,싱글벙글 고슴도치 모양 튀김 . . . #튀김 #고슴도치 #요리 #연금술 #존웃,DJV3fIfpeCX,,
3626988302813839196,29849358225,2025-05-07 04:05:20+00:00,8,106,0,뭔가 코딩이 잘못된 담넘기 . . . #코딩 #댕댕이 #담넘기 #뭔가요상하네 #존웃,DJVpqURtz9c,,
3626925764448457496,29849358225,2025-05-07 02:01:06+00:00,1,75,0,바른 말만 하는 충신의 최후 . . . #재미있는 #꿀잼 #오늘의유머 #웃긴짤 #웃스타그램,DJVbcQ4qZMY,https://scontent-ssn1-1.cdninstagram.com/v/t39.30808-6/494958186_1019071033647401_8232396317692256085_n.jpg?se=7&stp=dst-jpg_e35_tt6&efg=eyJ2ZW5jb2RlX3RhZyI6IkZFRUQuaW1hZ2VfdXJsZ2VuLjEwODB4MTA4MC5zZHIuZjMwODA4LmRlZmF1bHRfaW1hZ2UifQ&_nc_ht=scontent-ssn1-1.cdninstagram.com&_nc_cat=105&_nc_oc=Q6cZ2QG_UBOJRtnZW_LvB5V0rkmMlpf_XTIrDcc77hsTACnWYAVYcyaeO-XC9QRMZcin6Ic&_nc_ohc=54WtPUrV8H8Q7kNvwHWZAr3&_nc_gid=OfkZobX-zox-RZUcaKfZ9Q&edm=ABmJApAAAAAA&ccb=7-5&ig_cache_key=MzYyNjkyNTc2NDQ0ODQ1NzQ5Ng%3D%3D.3-ccb7-5&oh=00_AfLoHhLTmvTzliv7cFxoc927uqit96rBW_2dVSk9XESkvw&oe=68216415&_nc_sid=b41fef,
3626869937597504913,29849358225,2025-05-07 00:10:10+00:00,8,200,1,넷플 하나로 떡상한 연예인 원탑 . . . #넷플릭스 #떡상 #정호연 #배우 #모델,DJVOv4FCt2R,,
3626442640807492959,29849358225,2025-05-06 10:01:12+00:00,8,184,0,태어난 지 13일 된 초코 바른 강아지 . . . #댕댕이 #동물스타그램 #행복짤 #귀여운사진 #귀여운영상,DJTtl47qP1f,,
3626382161729503278,29849358225,2025-05-06 08:01:02+00:00,8,87,2,킹받는 고백거절 이유 . . . #재미있는 #꿀잼 #오늘의유머 #웃긴짤 #웃스타그램,DJTf1zZs0Au,,
3626325284090133856,29849358225,2025-05-06 06:08:02+00:00,1,62,0,족발집 사장님의 그림솜씨 . . . #사장님 #족발 #강아지 #고양이 #겁나웃기네,DJTS6H-Nb1g,https://scontent-ssn1-1.cdninstagram.com/v/t39.30808-6/496000692_1018134007074437_7605381135250021970_n.jpg?se=7&stp=dst-jpg_e35_tt6&efg=eyJ2ZW5jb2RlX3RhZyI6IkZFRUQuaW1hZ2VfdXJsZ2VuLjEwODB4MTA4MC5zZHIuZjMwODA4LmRlZmF1bHRfaW1hZ2UifQ&_nc_ht=scontent-ssn1-1.cdninstagram.com&_nc_cat=105&_nc_oc=Q6cZ2QG_UBOJRtnZW_LvB5V0rkmMlpf_XTIrDcc77hsTACnWYAVYcyaeO-XC9QRMZcin6Ic&_nc_ohc=tS_oLfWZ86EQ7kNvwFXTGla&_nc_gid=OfkZobX-zox-RZUcaKfZ9Q&edm=ABmJApAAAAAA&ccb=7-5&ig_cache_key=MzYyNjMyNTI4NDA5MDEzMzg1Ng%3D%3D.3-ccb7-5&oh=00_AfLdoeRxeDhxotEQW2fqbwE8qirv9W_gCCk2uLb3ab6yYg&oe=68214674&_nc_sid=b41fef,
3626263510464630010,29849358225,2025-05-06 04:05:18+00:00,8,246,1,세단뛰기 망한 선수 마인드 . . . #육상경기 #스포츠 #스텝 #예능 #긍정 #존잼영상,DJTE3MzNIz6,,
3411851814948899548,44926910542,2024-07-14 08:07:32+00:00,8,3,3,보정본을 기다리ㅁ ㅕ,C9ZVSYgTQrc,,
3472596221842773019,44926910542,2024-10-06 03:35:50+00:00,8,3,10,머리에 꽃 잔🌼뜩💐,DAxI917TVQb,,
3626410186921373035,44926910542,2025-05-06 08:56:43+00:00,8,3,10,｡.•･｡.:･* . . . . . . . . . #뷰티 #뷰티모델 #렌즈 #렌즈모델 #프리랜서모델 #화보촬영 #cosmetics #단발 #프로필 #프로필촬영 #광고 #웨딩촬영 #웨딩모델 #ootd,DJTmNn5Tm1r,,
3619958001383521395,44926910542,2025-04-27 11:17:23+00:00,8,3,15,🍀,DI8rJ92TDxz,,
3614679584757125200,44926910542,2025-04-20 04:30:00+00:00,2,3,2,아~,DIp6-5SThBQ,https://scontent-ssn1-1.cdninstagram.com/v/t51.2885-15/490133215_615804691462297_6858020069520727118_n.jpg?stp=dst-jpg_e15_s360x360_tt6&efg=eyJ2ZW5jb2RlX3RhZyI6IkNMSVBTLmltYWdlX3VybGdlbi42NDB4MzYwLnNkci5mNzE4NzguZGVmYXVsdF9jb3Zlcl9mcmFtZSJ9&_nc_ht=scontent-ssn1-1.cdninstagram.com&_nc_cat=101&_nc_oc=Q6cZ2QEH32CBoR-wUbmm6_b7DfSv6b7hJrHWpShCQJFjPgW7jRxzCOgANPkw8njorusGO04&_nc_ohc=r0BlDqrqYB8Q7kNvwFwSX6v&_nc_gid=70N4nn7P2n5abEwE2Ti6qg&edm=ABmJApABAAAA&ccb=7-5&ig_cache_key=MzYxNDY3OTU4NDc1NzEyNTIwMA%3D%3D.3-ccb7-5&oh=00_AfIYt9VXLMdhm9iqz1xj_92_sDwgK7BMgT-zaWWThKDUpw&oe=682139B3&_nc_sid=b41fef,https://scontent-ssn1-1.cdninstagram.com/o1/v/t2/f2/m86/AQPBrltet7ipc53d72l0_mJ40dHTCjeeBGLflq0L-tqYgpuhbR_unT0UO8F3KRX7AnzVgpBxUUkLbOuLCBWx9acgN_ofyoFEA2RIsVQ.mp4?_nc_cat=100&_nc_sid=5e9851&_nc_ht=scontent-ssn1-1.cdninstagram.com&_nc_ohc=O6iJV6-nssoQ7kNvwHLOTiH&efg=eyJ2ZW5jb2RlX3RhZyI6Inhwdl9wcm9ncmVzc2l2ZS5JTlNUQUdSQU0uQ0xJUFMuQzMuMTI3OC5kYXNoX2Jhc2VsaW5lXzFfdjEiLCJ4cHZfYXNzZXRfaWQiOjYzNzc4MjY1NTc5NDU3OSwidmlfdXNlY2FzZV9pZCI6MTAwOTksImR1cmF0aW9uX3MiOjYsInVybGdlbl9zb3VyY2UiOiJ3d3cifQ%3D%3D&ccb=17-1&vs=5fd4cf63e0502458&_nc_vs=HBksFQIYUmlnX3hwdl9yZWVsc19wZXJtYW5lbnRfc3JfcHJvZC9FNDQ3RThERTY4QjkyRkVENEVBMzc1QjNGRjY4QjNCNV92aWRlb19kYXNoaW5pdC5tcDQVAALIAQAVAhg6cGFzc3Rocm91Z2hfZXZlcnN0b3JlL0dOZ3RTUjBGYWNyQTNNOEZBTW9qRTJsTnM0QS1icV9FQUFBRhUCAsgBACgAGAAbAogHdXNlX29pbAExEnByb2dyZXNzaXZlX3JlY2lwZQExFQAAJqb2o4rrg6ICFQIoAkMzLBdAGxBiTdLxqhgSZGFzaF9iYXNlbGluZV8xX3YxEQB1_gdl5p0BAA&_nc_zt=28&oh=00_AfLO5GE6iZINlMEh3jduHdcAgEJDY0iISYGQF4_E790M5g&oe=681D6369
3608950437409863722,44926910542,2025-04-12 06:47:19+00:00,1,3,4,🖤🩶🩵,DIVkU1Bzjgq,https://scontent-ssn1-1.cdninstagram.com/v/t51.2885-15/490453991_18063308039502543_68380682785078953_n.jpg?stp=dst-jpg_e35_p1080x1080_tt6&efg=eyJ2ZW5jb2RlX3RhZyI6IkZFRUQuaW1hZ2VfdXJsZ2VuLjE0MDZ4MTc1OC5zZHIuZjc1NzYxLmRlZmF1bHRfaW1hZ2UifQ&_nc_ht=scontent-ssn1-1.cdninstagram.com&_nc_cat=103&_nc_oc=Q6cZ2QEH32CBoR-wUbmm6_b7DfSv6b7hJrHWpShCQJFjPgW7jRxzCOgANPkw8njorusGO04&_nc_ohc=K7gQq4PTUaMQ7kNvwFGI383&_nc_gid=70N4nn7P2n5abEwE2Ti6qg&edm=ABmJApABAAAA&ccb=7-5&ig_cache_key=MzYwODk1MDQzNzQwOTg2MzcyMg%3D%3D.3-ccb7-5&oh=00_AfL-lj257IkkwLorTksIQ9QXkWwzK9ldu8_PkPQ52rmqDw&oe=6821583C&_nc_sid=b41fef,
3593036969531969880,44926910542,2025-03-21 07:50:00+00:00,8,3,4,봄이잖ㅇr!!!!!,DHdCBZJzJFY,,
3590898208711005690,44926910542,2025-03-18 09:00:00+00:00,8,3,10,옄ㅋ깈슼텤잌킄맛ㅋ억얽욝,DHVbuU6zlX6,,
3579139248194788271,44926910542,2025-03-02 03:37:48+00:00,8,3,0,⭐️💖,DGrqC7iTxuv,,
3577129543222134255,44926910542,2025-02-27 09:07:09+00:00,2,3,4,나 돌아갈래~~~~,DGkhF37T4Xv,https://scontent-ssn1-1.cdninstagram.com/v/t51.71878-15/481712102_2429879737358231_15919090335914947_n.jpg?stp=dst-jpg_e15_p360x360_tt6&_nc_cat=111&ig_cache_key=MzU3NzEyOTU0MzIyMjEzNDI1NQ%3D%3D.3-ccb7-5&ccb=7-5&_nc_sid=58cdad&_nc_ohc=WmybHOF-tY8Q7kNvwGDcXUC&_nc_oc=Adl-N4sz267KZ4ouwrIrSg7sBbW8jl_CVkeX-x1v7dZS6Wq5hoAfO2vgFcFwy_duoRo&_nc_ad=z-m&_nc_cid=0&_nc_zt=23&_nc_ht=scontent-ssn1-1.cdninstagram.com&_nc_gid=70N4nn7P2n5abEwE2Ti6qg&oh=00_AfI1cHmAuQcq4_U7bupB0xZYDwQywwcEf75gmpImKM9buQ&oe=682160CA,https://scontent-ssn1-1.cdninstagram.com/o1/v/t2/f2/m86/AQOB_vjkO98CzRjyv-6Etl5dogQ4dGDnYJEswsyDzw7ISxO9L8iMdNz2Gd9xGd-YImx6pbPccd0K8v9sMI3SJhGwpeM6rVmijRFk1m8.mp4?_nc_cat=102&_nc_sid=5e9851&_nc_ht=scontent-ssn1-1.cdninstagram.com&_nc_ohc=rcAdhIhSYzQQ7kNvwHN4igc&efg=eyJ2ZW5jb2RlX3RhZyI6Inhwdl9wcm9ncmVzc2l2ZS5JTlNUQUdSQU0uQ0xJUFMuQzMuNzIwLmRhc2hfYmFzZWxpbmVfMV92MSIsInhwdl9hc3NldF9pZCI6MjQxNDQ0NDkzMjI0Njk5NiwidmlfdXNlY2FzZV9pZCI6MTAwOTksImR1cmF0aW9uX3MiOjksInVybGdlbl9zb3VyY2UiOiJ3d3cifQ%3D%3D&ccb=17-1&vs=76b933958dcec87&_nc_vs=HBksFQIYUmlnX3hwdl9yZWVsc19wZXJtYW5lbnRfc3JfcHJvZC83MjQ0NDlCQTc0NTU0RkM3MTVBMjkxMzA3NzI4QjlCNF92aWRlb19kYXNoaW5pdC5tcDQVAALIAQAVAhg6cGFzc3Rocm91Z2hfZXZlcnN0b3JlL0dIQVBzUnh0MjVyQmdzb0JBR0kzbGw2YmVlQlVicV9FQUFBRhUCAsgBACgAGAAbAogHdXNlX29pbAExEnByb2dyZXNzaXZlX3JlY2lwZQExFQAAJqi3ociY-8kIFQIoAkMzLBdAI0QYk3S8ahgSZGFzaF9iYXNlbGluZV8xX3YxEQB1_gdl5p0BAA&_nc_zt=28&oh=00_AfKzKZMzz_ZBCVflBuU-wNawiDKFAgPpLxt6i0Qt5zNApQ&oe=681D44F7
3612508394961690047,2133848328,2025-04-17 04:36:21+00:00,8,24842,275,애기들이 유독 통통한 이유가 너무 귀여웤ㅋㅋㅋㅋㅋㅋ,DIiNT7Nzt2_,,
3617574426235592500,2133848328,2025-04-24 04:21:38+00:00,8,19462,168,감다살 인정.. 졸귀ㅠㅠ♥ . *바이럴 아님 *광고 아님,DI0NMYgT180,,
3627281486778758915,2133848328,2025-05-07 13:47:50+00:00,8,77,0,하느님이 BOW하사 우리나라만 쎄~ㅋㅋㅋㅋㅋ,DJWsUtHzHcD,,
3627256636693576340,2133848328,2025-05-07 12:59:00+00:00,2,133,0,신인 여돌 힛지스 확신의 비주얼 멤버 혜린! ㄹㅇ 천년돌 소리가 저절로 나옴…. . . . . . #힛지스 #HITGS #HYERIN #혜린 #SOURPATCH #사워패치 #아이돌 #데뷔 #5세대 #신인 #걸그룹 #kpop,DJWmrFrTHqU,https://scontent-ssn1-1.cdninstagram.com/v/t51.75761-15/496552393_18486721948064329_2991865475950544122_n.jpg?stp=dst-jpg_e15_s640x640_tt6&_nc_cat=111&ig_cache_key=MzYyNzI1NjYzNjY5MzU3NjM0MA%3D%3D.3-ccb7-5&ccb=7-5&_nc_sid=58cdad&_nc_ohc=pD4UJimpgTUQ7kNvwHXOrjy&_nc_oc=AdlXjKbyAaU2ZjHUOkVwFA7aIJ5t3WISaqXx1Ikz54rkF2_x0YXW3H5Vs8Lxs5WUMFY&_nc_ad=z-m&_nc_cid=0&_nc_zt=23&_nc_ht=scontent-ssn1-1.cdninstagram.com&_nc_gid=QEHOyCNCSp6aJaamtiSE9A&oh=00_AfLXB7Wj2ZbbJP31_QIC3A1toKAyhPcRLoFboKMAR8ecDA&oe=6821395D,https://scontent-ssn1-1.cdninstagram.com/o1/v/t2/f2/m86/AQMS5aaVT4YNHMSgGDyh8tiDngaVDGRCGkQ9Yx-bb2Wg4mOd3x78bmpljCACKeA1OSrtCbujRG8voPmVigsD6LgVqu8CAuoCDKtbrv4.mp4?_nc_cat=101&_nc_sid=5e9851&_nc_ht=scontent-ssn1-1.cdninstagram.com&_nc_ohc=OWJEAYDOGrEQ7kNvwEFyJXN&efg=eyJ2ZW5jb2RlX3RhZyI6Inhwdl9wcm9ncmVzc2l2ZS5JTlNUQUdSQU0uQ0xJUFMuQzMuNzIwLmRhc2hfYmFzZWxpbmVfMV92MSIsInhwdl9hc3NldF9pZCI6MTEwNjgwODQ1MTQ2NjE4MCwidmlfdXNlY2FzZV9pZCI6MTAwOTksImR1cmF0aW9uX3MiOjI5LCJ1cmxnZW5fc291cmNlIjoid3d3In0%3D&ccb=17-1&vs=ed181532f47c562a&_nc_vs=HBksFQIYUmlnX3hwdl9yZWVsc19wZXJtYW5lbnRfc3JfcHJvZC8zMDRBOTAzMDkwMkY2MEVENkU0OENCRDk4NDc2MEFBQV92aWRlb19kYXNoaW5pdC5tcDQVAALIAQAVAhg6cGFzc3Rocm91Z2hfZXZlcnN0b3JlL0dDWUtrQjNOa3JzQlEyd0NBSTBiaUtHRmFsSkFicV9FQUFBRhUCAsgBACgAGAAbAogHdXNlX29pbAExEnByb2dyZXNzaXZlX3JlY2lwZQExFQAAJoiPrMndqPcDFQIoAkMzLBdAPaIMSbpeNRgSZGFzaF9iYXNlbGluZV8xX3YxEQB1_gdl5p0BAA&_nc_zt=28&oh=00_AfLEOEcqneRuD_zQ4v1L5_V2zQSEPoPSUPwkiD-lY7oRYA&oe=681D54A6
3627229198177592184,2133848328,2025-05-07 12:03:57+00:00,8,141,0,얼굴로 다 패고 다니는 중;; . . . . .  #일상 #이슈 #아이돌 #배우 #연예 #손민수 #손민수템 #렌즈 #스킨케어 #립라이너 #ad,DJWgbzkTON4,,
3627186945740693754,2133848328,2025-05-07 11:00:41+00:00,8,87,0,졸사 클라스 미쳤다아!! . . . . . #과거사진 #과사 #이슈 #클렌저 #클렌저추천 #스킨케어 #여드름 #여드름관리법 #꿀팁 #ad,DJWW086zuD6,,
3627159576296485741,2133848328,2025-05-07 09:45:30+00:00,8,89,0,요즘 이거 많이보이는데 진짜 이쁨..ㅠ💕,DJWQmrIzvNt,,
3626947734307501211,2133848328,2025-05-07 02:44:44+00:00,8,168,6,인간의 존엄성 비용 60만원 ㅠㅠㅠ,DJVgb96TnSb,,
3626539402916547918,2133848328,2025-05-06 13:13:27+00:00,8,537,4,진짜 대견하다 ㅠㅠㅠ,DJUDl9qzE1O,,
3626388857644064490,2133848328,2025-05-06 08:14:21+00:00,8,310,3,진짜 존경스럽고 멋있다ㅠㅠ영웅이 따로 없음,DJThXPdTx7q,,
3525683327249733633,53097899980,2024-12-19 03:30:00+00:00,8,46323,27,사진만 찍으면 어색해서 동공지진나는 사진 뚝딱이들 주목!!🔥 자연스러운 시선 처리 하는 방법 딱 알려줄게!! @@우리 이렇게 따라해보자( ˊ ᵕ ˋ )♡.°⑅ ⠀ ⠀ ⠀ ⠀ ⠀ #사진 #셀카 #사진꿀팁 #셀카꿀팁 #셀카잘나오는법 #사진잘나오는법 #뚝딱이 #사진뚝딱이 #셀고 #셀카뚝딱이 #시선처리 #뷰티 #뷰티정보 #뷰티꿀팁 #꿀팁 #정보 #정보공유,DDtvk5nPNgB,,
3445294963488831930,53097899980,2024-08-29 11:33:06+00:00,8,26688,185,맨날 아프면 아픈 부위에 척 하고 붙였는데 파스 붙이는 법이 따로 있다고?😯 제대로 효과보려면 이렇게 붙여야한대! @@파스 붙일 때 참고하자(ノ^o^)ノ ⠀ ⠀ ⠀ ⠀ ⠀ #파스 #파스붙이는법 #정보 #정보공유 #생활꿀팁 #오운완 #운동 #헬스 #운동선수 #부상 #치료 #동전파스 #손목 #발목 #어깨결림 #허리결림 #무릎 #통증 #통증완화,C_QJYPtMbm6,,
3390664996407444180,53097899980,2024-06-15 02:33:07+00:00,8,15072,161,일주일만 바짝하면 살 순삭된다는 운동법⭐ @@ 일단 월요일까지 기다렸다가 도전!! . . .  #운동 #일주일 #일주일운동 #운동법 #홈트 #꿀팁 #트레이닝 #헬스 #운동스타그램 #헬스스타그램 #다이어트 #스쿼트 #복근운동 #하체운동 #스트레칭 #코어운동 #상체운동,C8OD9mHN4LU,,
3627182188174209284,53097899980,2025-05-07 10:30:00+00:00,8,116,0,"펑! 터져버릴 것 같은 볼살,, 갸름하게 만들어주는 ✨얼굴살 운동 루틴✨ 얼굴 라인이 진짜 달라진다구요! @@오늘 밤부터 시작??  ⠀ ⠀ #얼굴축소 #얼굴형 #작은얼굴 #얼굴살 #볼살 #볼살빼기 #볼살빼는법 #얼굴살빼는법 #빵실 #호빵맨 #자기관리 #생활습관 #운동  #꿀팁 #뷰티정보 #뷰티 #뷰티스타그램 #정보",DJWVvuFv3EE,,
3627094440792757797,53097899980,2025-05-07 07:36:13+00:00,8,138,0,"블러셔 하나로 얼굴 축소 효과 주는 방법💗 이렇게만 하면 친구가 요즘 살 빠졌냐고 물어봐요! 덤으로 셀카 찍을 맛도 난다구요! @@따라해보자!(*,,•ᴗ•,,)ꔛ‬ꕤ  ⠀ ⠀ #얼굴축소 #얼굴형 #작은얼굴 #블러셔 #블러셔부위 #블러셔방법 #메이크업 #메이크업꿀팁 #메이크업방법 #꿀팁 #뷰티정보 #뷰티 #뷰티스타그램 #정보",DJWBy0-PxYl,,
3626457598242111485,53097899980,2025-05-06 10:30:00+00:00,8,128,0,메이크업 샵에서 쓴다는 존예 글리터 추천💗 차르르한 펄들이 아이메이크업 주기 딱 좋음 햇빛 받으면 반짝반짝 예쁨에 홀린다... @@나 이거 살까?? ⠀ ⠀ ⠀ ⠀ #글리터 #글리터섀도우 #리퀴드글리터 #글로우 #리퀴드아이섀도우 #웜톤 #쿨톤 #존예 #메이크업샵추천템 #샵추천템 #필수템 #코덕스타그램 #코덕 #뷰티 #뷰티스타그램 #메이크업 #메이크업제품 #화장품 #아이메이크업 #글리터추천 #펄섀도우 #애교살 #애교살제품 #애교살메이크업 #뷰티꿀팁 #화장 #화장꿀팁 #눈화장,DJTw_jIPL_9,,
3626306369146903210,53097899980,2025-05-06 05:30:00+00:00,8,285,0,학생도 직장인도 쓰기 좋은 ✨ 인기 브랜드의 유니크한 백팩들(๑•͈ᴗ•͈) @@소비요정 출동~!!! ⠀ ⠀ ⠀ ⠀ ⠀ #백팩 #새학기 #학생 #직장인 #학생가방 #직장인가방 #유니크템 #유니크백팩 #인기브랜드 #백팩추천 #패션 #패션추천 #패션스타그램 #코디 #코디스타그램 #ootd #정보 #정보공유 #꿀팁 #꿀팁공유 #쇼핑 #쇼핑요정 #데일리가방 #우정템 #커플템,DJTOm4DvNqq,,
3625702196357487686,53097899980,2025-05-05 09:30:00+00:00,8,133,0,아침만 되면 붓기 때문에 퉁퉁 붓는 얼굴😮 붓기 바로 빼는 법 가져왔어요! 중요한 날이 있다면 이렇게 해보는거 어때요??(｡•̀ᴗ-)✧₊˚ ⠀ ⠀ ⠀ ⠀ ⠀ ⠀ ⠀ #붓기 #붓기빼는법 #얼굴 #얼굴형 #아침 #아침붓기 #뷰티 #뷰티꿀팁 #붓기꿀팁 #뷰티정보 #뷰티스타그램 #붓기추천 #화장 #메이크업전 #녹차팩 #마스크팩 #아침루틴 #저녁루틴 #반신욕 #아침운동 #아침스트레칭 #괄사 #괄사마사지 #얼굴마사지 #일상꿀팁 #정보공유 #정보스타그램 #정보 #일상정보,DJRFPATPdxG,,
3625581699447663550,53097899980,2025-05-05 05:30:00+00:00,8,194,0,진짜 안 빠져서 평생 고민인 팔뚝살! 평소 생활 습관으로 얇은 팔뚝 만드는 법✨ @@여름을 위해 해보자!!! ⠀ ⠀ ⠀ ⠀ #팔뚝 #팔뚝살 #팔뚝살빼기 #다이어트 #살빼기 #다이어트방법 #다이어트방법추천 #다이어트팁 #관리 #관리법 #운동 #운동스타그램 #습관 #생활습관 #운동습관 #홈트 #팔뚝운동 #건강 #정보 #정보스타그램 #꿀정보 #정보공유 #여름준비 #민소매 #반팔,DJQp1izvCu-,,
3624977750432783935,53097899980,2025-05-04 09:30:00+00:00,8,608,1,"뽀송한 복숭아 만들어주는 파우더 추천🍑 번들거림, 모공 요철 여름철 필수템!! @@와 이거 다 좋음!!! ⠀ ⠀ ⠀ ⠀ ⠀ ⠀ #파우더 #팩트 #파우더팩트 #올리브영 #올영 #올영추천템 #여름 #여름철 #여름필수템 #개기름 #모공 #요철 #블러파우더 #뷰티 #뷰티템 #화장품 #메이크업 #지속력 #뷰티꿀팁 #올영꿀템 #뷰티스타그램 #화장품추천 #파우더추천 #올영추천",DJOgg7dPZ4_,,
3627269131005124014,42171372109,2025-05-07 13:23:17+00:00,8,3,2,"#제품제공   아이레놀 쌩얼 크림 1.0   티 안나게 쌩얼을 화사하게 만들어주는 톤보정 크림!✨  아이레놀 쌩얼 크림 1.0 을 사용했는데 21호 이하 피부톤에 권장하는 색상이라서 그런지 확실히 피부가  뽀얀 우유같은 느낌이 들었어요!!  기존 톤업크림 , 톤업선크림이 백탁이 있어서  잘 사용하지 않는분들한테 추천드리는 톤보정 크림이에요!  커버,피부진정, 미백, 자외선 차단까지 되는  4 IN 1 톤보정크림이라서 여름에 피부화장하기 답답한날 가볍게 사용하기 좋은 크림인것 같아요!!  아이레놀 쌩얼 크림 2.0은 22호 ~ 23호 피부톤에  사용할 수 있어서 남자분들도 피부톤을 보정할때  바르기 좋을것 같아요!  부드럽고 촉촉하게 발리는 로션같은 제형에  끈적임도 없고 묻어나지 않아서  데일리로 사용하기 좋았어요!!  향도 진하지 않아서 남녀 상관없이 사용하기  좋은 톤보정 크림입니다!   티 안나고 자연스럽게 바를 수 있는  톤보정 크림으로 추천드려요!!   #파룸체험단 #아이레놀 #ilenol #쌩얼크림 #아이레놀쌩얼크림 #아이레놀생얼크림 #파데프리꿀템 #파데프리추천 #파데프리메이크업 #톤보정크림 #톤업선크림",DJWpg56TN2u,,
3626374339077403379,42171372109,2025-05-06 07:45:30+00:00,8,3,0,#제품제공  코스노리 플러핏 라이트매트 쿠션  ✔️00 페어 라이트(15-17호 추천): 깨끗하고 맑은 상아빛 컬러  ✔️0.5 로지 페어(17-19호 추천): 생기를 더하는 핑크 페어  ✔️01 아이보리(19-21호 추천): 반 톤 높은 라이트 아이보리  코스노리 플러핏 라이트매트 쿠션은 유분기는 잡아주고 수분은 채워줘서 여름에 사용하기 딱 좋은 쿠션인것 같아요!  답답함 없이 가볍고 산뜻하게 마무리가 되고  피부톤도 맑고 화사하게 밝혀줘서 깔끔한 피부표현을 해주는 쿠션이에요!  지속력도 좋아서 수정화장을 하지 않아도 베이스 무너짐이 없어서 데일리로 사용하기 좋은 쿠션입니다!  코스노리 플러핏 라이트매트 쿠션은 올리브영에서 구매 가능합니다!✨  https://m.oliveyoung.co.kr/m/G.do?goodsNo=A000000224326  #파룸체험단 #코스노리 #플러핏쿠션 #세미매트쿠션 #올리브영쿠션 #올리브영추천템 #올리브영쿠션추천 #한겹쿠션 #수부지쿠션 #지성쿠션 #쿠션추천,DJTeD9_TPLz,,
3612459345579376804,42171372109,2025-04-17 02:58:53+00:00,8,3,3,#롬앤 @romandyou   촉촉하면서 입술이 도톰해보이는 글로우 립을 찾다가 올리브영N 성수에서 글래스팅 워터 글로스를 발견했어요!  제가 구매한건 메테오트랙인데 안에 펄도 들어있어서 입술에 볼륨도 더 있어보이고 반짝여서 요즘  어떤 립을 바르던지 마지막엔 꼭 발라주고있어요!  같이 구매했던 더쥬시 래스팅 틴트 베어 그레이프를 바르고 덧발랐는데  베어그레이프는 단독으로 발라도 예쁘지만 확실히 글로스를 덧바르니까 도톰해보여서 이조합 추천드려요!!  요즘 도톰해보이는 글로우립은 너무 화한 느낌때문에 거부감이 들어서 사용을 잘 안하게 되는데 글래스팅 워터 글로스 딱 기분 좋은 느낌의 시원함이라서 사용하기에도 너무 좋았어요!!  어떤 립에도 잘어울리고 립밤을 바른것처럼 입술도 촉촉해져서 각질이나 건조한 입술인 분들도 데일리로 사용하기에 너무 좋은것 같아요!!  입술에 볼륨이 없어서 고민중이신 분들한테 추천드려요!!  #올리브영 #올리브영N성수 #베어그레이프 #메테오트랙 #글로우립 #올영추천 #틴트,DIiCKKazICk,,
3611028589749694313,42171372109,2025-04-15 03:36:14+00:00,8,3,2,"#협찬  오렌즈 리얼리쉬 원데이  [1DAY | 13.5mm | 20,000(10p) | 브라운,그레이]  오렌즈에서 리얼링 빅사이즈 버전으로 리얼리쉬 원데이 신제품을 출시했어요!💝  리얼리쉬는 밀키한 컬러감으로 눈동자를 한톤 밝혀주는 톤업렌즈라서 생기발랄한 느낌을 주는 렌즈에요!!  뉴진스 해린님이 그레이 색상을 착용했는데 눈동자도 또렷해 보이고 아기고양이 느낌이 가득해서 데일리로 착용하기에도 좋을것 같아요!!✨  리얼링의 빅사이즈 버전이지만 인위감없이 자연스럽게 눈동자를 선명하게 만들어주는 렌즈라서 호불호가 없을것 같아요!  💝오렌즈 공홈에서 리얼리쉬 샘플링 이벤트 진행!  - 리얼리쉬 무료샘플 교환권 증정 및 샘플 신청 완료 시,  5천원 할인쿠폰 증정  - 오렌즈 공홈에서 댓글 남기고 2가지 선물 GET !  (리얼리쉬 원데이(10P)+오렌즈 스윙거울) - 4월 리뷰 이벤트 진행 중! -> 샘플 받고 리뷰 작성 시,  촉촉한 눈 유지해주는 쿠션드롭 100% 증정   #오렌즈 #OLENS #리얼리쉬 #해린렌즈 #빅직경렌즈 #빅사이즈렌즈 #톤업렌즈 #원데이렌즈 #컬러렌즈 #렌즈추천 #이벤트",DIc817Nz29p,,
3606930388125780439,42171372109,2025-04-09 11:53:50+00:00,8,3,1,"#제품협찬  더마프 탈모완화샴푸  다양한 브랜드에서 탈모완화샴푸를 출시해서  많이 사용해봤는데 대부분 머리를 감고나면 머릿결이  뻣뻣한 느낌이 들어서 트리트먼트가 필수였는데 더마프 샴푸는 뻣뻣한 느낌이 없어서 사용하기 좋았어요!  향도 오래도록 지속되고 거품이 풍성하고 쫀쫀해서 적당량만 사용해도 두피가 개운해지는 느낌이 들었어요!  꾸준히 사용해보니 확실히 두피 가려움, 머리카락 빠짐이  덜해진게 느껴져서 두피관리 샴푸 고민중이신분들에게 추천드립니다!!    #솔직후기#더마프#더마프샴푸#탈모샴푸#지루성두피샴푸#지성샴푸#지루성두피#머리빠짐#정수리탈모#탈모예방#남자샴푸#여자샴푸#두피냄새#두피뾰루지#머리카락굵어지는법#두피가려움#지성샴푸#비듬샴푸#두피냄새샴푸#비듬없애는법#탈모관리#두피열#두피각질#두피각질샴푸#자기관리#자기관리스타그램",DIOZBPhzInX,,
3604843240363074938,42171372109,2025-04-06 14:47:03+00:00,8,21,2,"#제품제공   브이앤에이뷰티 안티옥시던트 래디언스 앰플  기미와 잡티까지 모든 피부 색소 고민을  2주만에 해결해주는 압도적 미백 광채 앰플!  실크처럼 부드럽게 발리고 끈적임 없이 산뜻하게 마무리가 되는 앰플이라서 레이어링 할수록  투명하게 빛이나서 피부가 좋아보이고 베이스 메이크업이 밀림없이 발려서 좋아요!!  얼룩덜룩한 색소침착, 잡티로 고민중이신 분들에게 추천드려요!!  안티옥시던트 래디언스 앰플은 V&A뷰티 네이버스토어 에서 구매할 수 있습니다!  #파룸체험단 #미백광채앰플 #미백앰플 #로즈펩타이드 #로즈펩타이드앰플 #브이앤에이앰플 #브이앤에이뷰티 #브이앤에이 #앰플추천 #올리브영앰플",DIG-dPszyV6,,
3598128721553091285,42171372109,2025-03-28 08:26:30+00:00,8,3,2,"#협찬   글램벅스듀플렉스 컬픽스 마스카라  글램벅스는 다년간 뷰티 관련 제품을 일본 및 미국 등에 미국 등에 OEM 생산을 맡아온 축적된 노하우 및 제품 기술력을 바탕으로 출시된 브랜드에요!  2022 코스모프로프 어워드 메이크업 부문 위너 1등 연예인 메이크업용 마스카라로 유명한 글램벅스 마스카라를 이번에 처음 사용해 봤어요!!  특허 받은 핸드메이드 브러쉬라서  일반 마스카라와 다르게 바르는 브러쉬, 빗는 브러쉬, 디테일 브러쉬 3가지로 나누어져 있는데 청담 샵 메이크업 원장님 최애 마스카라라고 해서 사용하기 어려울것 같지만  똥손도 뭉침없이 쉽게 사용할 수 있는 마스카라에요!!  이제 날씨가 풀리면서 유분이랑 땀 때문에 눈화장이 번질까봐 걱정이신분들이 많으실텐데 글램벅스 마스카라는 유분기와 땀에도 번지지 않고 아침 7시에 마스카라를하고  퇴근시간까지 수정화장을 하지 않아도 번짐, 쳐짐없이 유지가 돼서 요즘 데일리로 사용하고 있어요!!  제가 사용한 마스카라는 컬픽스 마스카라는 가볍게 발리고 눈밑 가루 떨어짐 없이 완벽 컬림, 강력 고정을 원하시는 분들에게 추천드려요!!  처음엔 특이하게 생겨서 사용하기 불편하지 않을까  생각했는데 너무 편하고 오히려 빗는 브러쉬가 같이  있어서 뭉침없이 바를 수 있다는점이 너무 좋아요!!  #글램벅스 #글램벅스마스카라 #눈커지는마스카라 #특허마스카라 #특허브러쉬 #빗는마스카라 #마스카라추천 #안번지는마스카라 #여름마스카라 #연예인마스카라 #청담샵원장최애템 #롱마스카라 #볼륨마스카라 #컬링마스카라",DHvHwIwTWrV,,
3591750924773569474,42171372109,2025-03-19 13:14:57+00:00,8,28,3,"#제품제공   메디테라피 인모톡스 펩타이드 샷 크림 , 석션 젯   요즘 다시 얼굴에 살이쪄서 심부볼, 쳐진 볼이 걱정이였는데 메디테라피에서 심부볼, 턱 라인, 피부탄력을 관리할 수 있는 크림 & 디바이스가 출시됐어요!!  사용방법도 크림을 얇게 문질러서 발라주고 전원을 2초간 길게 누른 후 원하는 EMS모드를  선택한 후 고민인 부위를 아래에서 위로 끌어올려주면 됩니다!!  크림에는 눈에 보이는 펩타이드실이 들어있어서 잘 녹여서 사용하면 되는데 펩타이드실은 살쳐짐을 막아주고  탄력을 높여주는 성분이 들어있어서 더 효과를 볼 수 있도록 도와주는것 같아요!!  제품에는 꼼꼼한 사용 설명서가 동봉되어있고 섹션 젯 디바이스 손잡이 띠지에도 사용법이 쓰여있어서 처음 사용하시는분들도 쉽게 사용할 수 있어요!!  국내 최초 얼굴전용으로 나온 석션EMS라고 하는데 3가지 모드로 나누어져 있어서 피부가 예민하신분들고 사용하실 수 있어요! 저는 2단계로 사용해봤는데 피부에 심한 자극이 없어서 사용하기 좋았어요!!  건전지 사용이 아니라 충전식이라서 여행가서 붓기가 걱정될때 사용하기에도 좋을것 같아요!!  #파룸체험단 #메디테라피 #meditherapy #인모톡스 #석션젯 #인모톡스펩타이드샷크림",DHYdm-ozzPC,,
3587980782004561187,42171372109,2025-03-14 08:24:21+00:00,8,3,2,"#제품제공   담톤 스킨케어 3종  담톤 리토닝 수딩 토너  4HA성분 배합으로 민감 피부도 닦토가 가능한 토너! 각질, 피지, 유분을 확실하게 정리해주고 촉촉하고 부드럽게 마무리가 돼서 여름에도 사용하기 좋은 토너인것 같아요!!  담톤 포어 토닝 아큐 에센스  모공보다 작은  15μm (마이크로미터) 아큐 니들이 눈에띄는 모공부터 나노 모공까지 관리해주고 인삼 엑소좀을 쾽해 매끈하고 윤기있는 피부를 만들어주는 에센스에요!!  바를때 조금 따끔거리는 느낌이 있었는데 다음날  피부에 윤기가 느껴져서 아침저녁으로 사용하기 좋았어요!!   담톤 잡티 케어 토닝 크림  사용 1주후 잡티케어가 되는 토닝 크림! 글루타티온+안정화 된 비타민C추출물 그리고 5세대 미백성분 트라넥삼산을 더해 강력한 브라이트닝 시너지 선사해주고 요철, 모공 탄력, 채움 효과까지 있어서 미백케어에 추천!!  담톤 스킨케어 3종은 3가지를 다 발라도 피부 메이크업이  밀리지 않고 끈적임이 없어서 사용하기 좋았어요!!  모공, 잡티, 윤기까지 한번에 관리하세요!  #파룸체험단 #담톤 #damtone #담톤토너 #담톤에센스 #담톤크림 #토너추천 #에센스추천 #니들샷 #수분크림추천 #스킨케어루틴",DHLEYLkT2Uj,,
3584237349913764459,42171372109,2025-03-09 04:26:49+00:00,8,3,2,#제품제공   티르티르 마스크 핏 AI필터 쿠션  - 13.5 리넨  티르티르 쿠션은 처음 사용해보는데 이름처럼 필터를 씌어놓은것 처럼 깔끔하고 보송하게 피부표현이 되는 쿠션이에요!!  양조절을 하기도 편하고 고르게 발려서 데일리로 사용하기 너무 좋았어요!!  지속력이 좋아서 퇴근까지 무너짐도 없고 건성피부가 사용해도 들뜸이 없어서 계절 상관없이 사용하기 좋은 쿠션인것 같아요!!  색상도 다양해서 본인 피부에 맞는  색상 찾기도 좋아서 추천드려요!!  #파룸체험단 #티르티르 #AI필터쿠션 #올영쿠션 #수부지쿠션 #세미매트쿠션 #겉보속촉 #티르티르쿠션,DG9xOEwTCJr,,
